Language,Type,Modality,Description,Place,Goal,Source
"Abau (Sepik, Upper) ",SI,SI,SI,perey,perey,1perey suko 
"Abau (Sepik, Upper) ",D1,place,proximal,erey,*erey,1erey
"Abau (Sepik, Upper) ",,,,o-,1so-,so-
"Abau (Sepik, Upper) ",,,,,1o-,*o-
"Abau (Sepik, Upper) ",D2,place,distal,serey,so-,so-
"Abau (Sepik, Upper) ",,,,,1serey,1serey
"Abui (Timor-Alor-Pantar, Alor) ",SI,SI,SI,te,te=ng,te
"Abui (Timor-Alor-Pantar, Alor) ",,,,te mai ,,te mai
"Abui (Timor-Alor-Pantar, Alor) ",D1,place,proximal (speaker),do,me,
"Abui (Timor-Alor-Pantar, Alor) ",,,proximal (hearer),to,,
"Abui (Timor-Alor-Pantar, Alor) ",,,proximal (speaker),ma,,
"Abui (Timor-Alor-Pantar, Alor) ",,,proximal (hearer),ta,,
"Abui (Timor-Alor-Pantar, Alor) ",D2,place,medial,o,o ,he-n
"Abui (Timor-Alor-Pantar, Alor) ",,,medial (speaker),lo,he-n,
"Abui (Timor-Alor-Pantar, Alor) ",,,medial (hearer),yo,n(g),
"Abui (Timor-Alor-Pantar, Alor) ",,,,,mi-a,
"Abui (Timor-Alor-Pantar, Alor) ",,,medial (speaker),la,la,
"Abui (Timor-Alor-Pantar, Alor) ",,,medial (hearer),fa,la=ng,
"Abui (Timor-Alor-Pantar, Alor) ",,,,,me,
"Abui (Timor-Alor-Pantar, Alor) ",D3,place,distal (speaker + hearer),oro (speaker + hearer) ,he-n,
"Abui (Timor-Alor-Pantar, Alor) ",,,,wo,n(g),
"Abui (Timor-Alor-Pantar, Alor) ",,,,wò,mi-a,
"Abui (Timor-Alor-Pantar, Alor) ",,,,ya,me,
"Arrernte, Eastern (Pama-Nyungan, Aranda) ",SI,SI,SI,nthenhe,nthenhe-werne,nthenhe+nge
"Arrernte, Eastern (Pama-Nyungan, Aranda) ",,,,nthenhe-le,,nthenhe-ntyele
"Arrernte, Eastern (Pama-Nyungan, Aranda) ",,,,nthenhe-ke-ame,,
"Arrernte, Eastern (Pama-Nyungan, Aranda) ",,,,1nthenhele-ame,,
"Arrernte, Eastern (Pama-Nyungan, Aranda) ",D1,place,proximal,nhenhe ,1nhenhe-werne,1nhenhe-ngentyele
"Arrernte, Eastern (Pama-Nyungan, Aranda) ",,,,nhenhe-le,,
"Arrernte, Eastern (Pama-Nyungan, Aranda) ",D2,place,medial,yanhe,1yanhe-arteke,1yanhe-ngentyele
"Arrernte, Eastern (Pama-Nyungan, Aranda) ",,,,yanhe-le,,
"Arrernte, Eastern (Pama-Nyungan, Aranda) ",D3,place,distal,nhakwe,1nhakwe-werne,nhakwe+nge
"Arrernte, Eastern (Pama-Nyungan, Aranda) ",,,,nhakwe-le,,
"Awtuw (Sepik, Ram) ",SI,SI,SI,yipe,,
"Awtuw (Sepik, Ram) ",,,,yipke,yipke,yipke
"Awtuw (Sepik, Ram) ",,,,yiperke,yiperke,yiperke
"Awtuw (Sepik, Ram) ",D1,place,proximal,ade,NA,NA
"Awtuw (Sepik, Ram) ",,,,tə,,
"Awtuw (Sepik, Ram) ",,,,(t)ade,,
"Awtuw (Sepik, Ram) ",D2,place,distal,opo,NA,rey(ke)
"Awtuw (Sepik, Ram) ",,,,rey(ke),,
"Awtuw (Sepik, Ram) ",,,,(t)opo,,
"Bardi (Nyulnyulan, Western) ",SI,SI,SI,jan,jan,
" Bardi (Nyulnyulan, Western) ",,,,jana  ,jana-ngan,
" Bardi (Nyulnyulan, Western) ",,,,jana(m)booroo,jana(m)-booroo-ngan,jana-boor(oo)-go
"Bardi (Nyulnyulan, Western) ",D1,place,proximal,bijiiba,jiiba booroo,bolob-o
"Bardi (Nyulnyulan, Western) ",,,,balab(oo),balab(oo),
"Bardi (Nyulnyulan, Western) ",,,,nyalab(oo),nyalab(oo),
"Bardi (Nyulnyulan, Western) ",,,,nyoonoo,[nyalab V jarr-on booroo],
"Bardi (Nyulnyulan, Western) ",,,,jarr-on booroo,,
"[OC-5]  Bardi (Nyulnyulan, Western) ",D2,place,distal I,nyoon,nyoon-onyi-ngan,ginyingg-o
"[OC-5]  Bardi (Nyulnyulan, Western) ",,,,nyalab,nyalab(oo),bijorr-o
"[OC-5]  Bardi (Nyulnyulan, Western) ",,,,nyin,,boonoo
"[OC-5]  Bardi (Nyulnyulan, Western) ",,,,nyoonoo,,jorr-o
"[OC-5]  Bardi (Nyulnyulan, Western) ",,,,nyiinba booroo,,
"[OC-5]  Bardi (Nyulnyulan, Western) ",,,,nyoonoomboo,,
"[OC-5]  Bardi (Nyulnyulan, Western) ",,,,nyoonoo=amba,,
"[OC-5]  Bardi (Nyulnyulan, Western) ",,,,nyoonoo=jamb,,
"[OC-5]  Bardi (Nyulnyulan, Western) ",D3,place,distal II,mara,mara-ngan,
"[OC-6]  Bunaq (Timor-Alor-Pantar, East Timor-Bunaq) ",SI,SI,SI,teo no ,teo no,teo no
"[OC-6]  Bunaq (Timor-Alor-Pantar, East Timor-Bunaq) ",,,,teo gene,*teo gene,*teo gene
"[OC-6]  Bunaq (Timor-Alor-Pantar, East Timor-Bunaq) ",D1,place,proximal,huqe,*huqe,huqe
"[OC-6]  Bunaq (Timor-Alor-Pantar, East Timor-Bunaq) ",,,,huqe gene,*huqe gene,huqe gene
"[OC-6]  Bunaq (Timor-Alor-Pantar, East Timor-Bunaq) ",D2,place,distal,haqe,haqe,haqe
"[OC-6]  Bunaq (Timor-Alor-Pantar, East Timor-Bunaq) ",,,,*haqe gene,haqe gene,*haqe gene
"[OC-6]  Bunaq (Timor-Alor-Pantar, East Timor-Bunaq) ",D3,place,ific / distance neutral,hoqe,*hoqe,*hoqe
"[OC-7]  Chamorro (Austronesian, Malayo-Polynesian) ",SI,SI,SI,manu nai ,para manu,ginen manu
"[OC-7]  Chamorro (Austronesian, Malayo-Polynesian) ",,,,mangge,,
"[OC-7]  Chamorro (Austronesian, Malayo-Polynesian) ",,,,,,
"[OC-7]  Chamorro (Austronesian, Malayo-Polynesian) ",D1,place,proximal,guini,guini,guini
"[OC-7]  Chamorro (Austronesian, Malayo-Polynesian) ",D2,place,medial,guenao,guatu,guihi
"[OC-7]  Chamorro (Austronesian, Malayo-Polynesian) ",D3,place,distal,guihi,guihi,guihi
"[OC-8]  Djapu (Pama-Nyungan, Yuulngu) ",SI,SI,SI,wanha,wanha-(ŋu)mal,wanha-ŋur
"[OC-8]  Djapu (Pama-Nyungan, Yuulngu) ",,,,wanha-ka,wanha-(ŋu)lil,
"[OC-8]  Djapu (Pama-Nyungan, Yuulngu) ",,,,wanha-(ŋu)mi,,
"[OC-8]  Djapu (Pama-Nyungan, Yuulngu) ",D1,place,proximal,dhuwal,dhipal,dhipu-ŋur
"[OC-8]  Djapu (Pama-Nyungan, Yuulngu) ",,,,dhiyal,,
"[OC-8]  Djapu (Pama-Nyungan, Yuulngu) ",,,,dhiyal(a(ŋu)mi),,
"[OC-8]  Djapu (Pama-Nyungan, Yuulngu) ",D2,place,distal I,dhuwali,dhipali,
"[OC-8]  Djapu (Pama-Nyungan, Yuulngu) ",,,,dhiyali((ŋu)mi),,
"[OC-8]  Djapu (Pama-Nyungan, Yuulngu) ",,,,ŋunhi ,ŋunhiwal,ŋuli-ŋur
"[OC-8]  Djapu (Pama-Nyungan, Yuulngu) ",,,,ŋunhili((ŋu)mi),,
"[OC-8]  Djapu (Pama-Nyungan, Yuulngu) ",D3,place,distal II,ŋunha ,ŋunhawal,ŋula-ŋur
"[OC-8]  Djapu (Pama-Nyungan, Yuulngu) ",,,,ŋunhal (a(ŋu)mi),,
"[OC-9]  Doromu-Koki (Trans-New Guinea, Manubaran) ",SI,SI,SI,goini,goidu,goina gutuna=ri 
"[OC-9]  Doromu-Koki (Trans-New Guinea, Manubaran) ",,,,,1goina=ri,1goina=ri gutuna
"[OC-9]  Doromu-Koki (Trans-New Guinea, Manubaran) ",D1,place,proximal,yo-mini,mina=ri,1mina=ri
"[OC-9]  Doromu-Koki (Trans-New Guinea, Manubaran) ",D2,place,medial / distal I,mironi,mironi,1mina=ri 
"[OC-9]  Doromu-Koki (Trans-New Guinea, Manubaran) ",,,,,1mirona=ri,
"[OC-9]  Doromu-Koki (Trans-New Guinea, Manubaran) ",D3,place,distal II,soroni,NA,NA
"[OC-9]  Doromu-Koki (Trans-New Guinea, Manubaran) ",,,,yo-mirodu,,
"[OC-9]  Doromu-Koki (Trans-New Guinea, Manubaran) ",D4,place,distal III,isefu,NA,isefu ro 
[OC-10]  Dyirbal (Pama-Nyungan),SI,SI,SI,wuɲᶁay,wuɲᶁaru,wuɲᶁaɲum
[OC-10]  Dyirbal (Pama-Nyungan),,,,,wuɲᶁari,
[OC-10]  Dyirbal (Pama-Nyungan),D1,place,proximal,yalay,yalu,yaŋum 
[OC-10]  Dyirbal (Pama-Nyungan),,,,,yali ,
[OC-10]  Dyirbal (Pama-Nyungan),D2,place,distal,balay,balu,baŋum 
[OC-10]  Dyirbal (Pama-Nyungan),,,,,bali,
"[OC-11]  Fijian (Austronesian, Oceanic)",SI,SI,SI,evei,kivei ,maivei 
"[OC-11]  Fijian (Austronesian, Oceanic)",D1,place,proximal,e kē ,ki kē,mai kē
"[OC-11]  Fijian (Austronesian, Oceanic)",,,,,mai,yani
"[OC-11]  Fijian (Austronesian, Oceanic)",D2,place,distal I,e keri,ki keri,mai keri 
"[OC-11]  Fijian (Austronesian, Oceanic)",D3,place,distal II,e keā,ki keā,mai keā
"[OC-12]  Futuna-Aniwa (Austronesian, Oceanic) ",SI,SI,SI,uafe,ki,i
"[OC-12]  Futuna-Aniwa (Austronesian, Oceanic) ",,,,uahe,,1wehe (~ uehe)
"[OC-12]  Futuna-Aniwa (Austronesian, Oceanic) ",,,,uehe,,
"[OC-12]  Futuna-Aniwa (Austronesian, Oceanic) ",,,,i,,
"[OC-12]  Futuna-Aniwa (Austronesian, Oceanic) ",,,,tehe,,
"[OC-12]  Futuna-Aniwa (Austronesian, Oceanic) ",D1,hybrid,proximal / near speaker,i-ku-nei,ki-ku-nei,1i-ku-nei
"[OC-12]  Futuna-Aniwa (Austronesian, Oceanic) ",,,,i-ku,ki-ku,i-ku
"[OC-12]  Futuna-Aniwa (Austronesian, Oceanic) ",,,,,-mai,
"[OC-12]  Futuna-Aniwa (Austronesian, Oceanic) ",D2,hybrid,neutral / anaphoric,i ai ,ki ai ,1i ai (~iai)
"[OC-12]  Futuna-Aniwa (Austronesian, Oceanic) ",D3,hybrid,medial / near listener,i-ko-na,i-ko-na,NA
"[OC-12]  Futuna-Aniwa (Austronesian, Oceanic) ",,,,,ki-ko-na,
"[OC-12]  Futuna-Aniwa (Austronesian, Oceanic) ",,,,,-(k)atu ,
"[OC-12]  Futuna-Aniwa (Austronesian, Oceanic) ",D4,hybrid,distal,i-ko-ra,ki-ko-ra,NA
"[OC-12]  Futuna-Aniwa (Austronesian, Oceanic) ",,,,,-(k)age,
"[OC-13]  Garrwa, Western (Garrwan) ",SI,SI,SI,winjawa,wanjawa,wanyi-nkurri
"[OC-13]  Garrwa, Western (Garrwan) ",,,,wanjawa,wanyi-nkurri ,
"[OC-13]  Garrwa, Western (Garrwan) ",,,,wanyi-na,yangka,
"[OC-13]  Garrwa, Western (Garrwan) ",D1,place,proximal,na,,
"[OC-13]  Garrwa, Western (Garrwan) ",,,,na-yi/na-ngi,nangi-n-kurri,nangi-nbu-nanyi
"[OC-13]  Garrwa, Western (Garrwan) ",,,,na-yi-n-d,nayi-nkurri ,*nayi-nbu-nanyi
"[OC-13]  Garrwa, Western (Garrwan) ",,,,na-ngi-ni,nayi-wa,
"[OC-13]  Garrwa, Western (Garrwan) ",,,,na-ngi-n-kanyi,,
"[OC-13]  Garrwa, Western (Garrwan) ",,,,na(ngi)-nyina,,
"[OC-13]  Garrwa, Western (Garrwan) ",D2,place,distal,nana,,
"[OC-13]  Garrwa, Western (Garrwan) ",,,,nana-,nana-n-kurri ,nana-mu-nanyi
"[OC-13]  Garrwa, Western (Garrwan) ",,,,na-nda,nana-wadir,nana-nkadi
"[OC-13]  Garrwa, Western (Garrwan) ",,,,nana-ngi-ni,,
"[OC-13]  Garrwa, Western (Garrwan) ",,,,nana-wanyi,,
"[OC-13]  Garrwa, Western (Garrwan) ",,,,nana-n-kany,,
"[OC-13]  Garrwa, Western (Garrwan) ",,,,nana-nyina,,
"[OC-14]  Guugu Yimidhirr (Pama-Nyungan, Yimidhirr-Yalanji-Yidinic)",SI,SI,SI,wanhdhaa,wanhdhaal-ga,wanhdhaal-nganh
"[OC-14]  Guugu Yimidhirr (Pama-Nyungan, Yimidhirr-Yalanji-Yidinic)",,,,wanhdhaal-bi,wanhdhaal-bi,
"[OC-14]  Guugu Yimidhirr (Pama-Nyungan, Yimidhirr-Yalanji-Yidinic)",D1,place,proximal,yii (yiyi) ,yii (yiyi) ,yiima-nganh
"[OC-14]  Guugu Yimidhirr (Pama-Nyungan, Yimidhirr-Yalanji-Yidinic)",,,,yiway,yiway,
"[OC-14]  Guugu Yimidhirr (Pama-Nyungan, Yimidhirr-Yalanji-Yidinic)",,,,yuway,yuway,
"[OC-14]  Guugu Yimidhirr (Pama-Nyungan, Yimidhirr-Yalanji-Yidinic)",,,,yiiimu,yiiimu,
"[OC-14]  Guugu Yimidhirr (Pama-Nyungan, Yimidhirr-Yalanji-Yidinic)",D2,place,distal I,nhaa,nhaa,nhaamu-nganh 
"[OC-14]  Guugu Yimidhirr (Pama-Nyungan, Yimidhirr-Yalanji-Yidinic)",,,,nhaway,nhaway,nhaawamun  
"[OC-14]  Guugu Yimidhirr (Pama-Nyungan, Yimidhirr-Yalanji-Yidinic)",,,,nhaamu,nhaamu,
"[OC-14]  Guugu Yimidhirr (Pama-Nyungan, Yimidhirr-Yalanji-Yidinic)",D3,place,distal II,yarra,NA,NA
"[OC-14]  Guugu Yimidhirr (Pama-Nyungan, Yimidhirr-Yalanji-Yidinic)",,,,yarrba,,
"[OC-15]  Hawaiian (Austronesian, Oceanic)",SI,SI,SI,hea ,,
"[OC-15]  Hawaiian (Austronesian, Oceanic)",,,,auhea ,,
"[OC-15]  Hawaiian (Austronesian, Oceanic)",,,,i hea  ,i hea ,mai hea 
"[OC-15]  Hawaiian (Austronesian, Oceanic)",,,,ma hea ,no hea ,no hea 
"[OC-15]  Hawaiian (Austronesian, Oceanic)",D1,place,proximal,ne‘i,mai ,aku
"[OC-15]  Hawaiian (Austronesian, Oceanic)",,,,‘ane‘i,maila,
"[OC-15]  Hawaiian (Austronesian, Oceanic)",,,,‘one‘i,,
"[OC-15]  Hawaiian (Austronesian, Oceanic)",,,,ma-‘ane‘i ,ma-‘ane‘i,
"[OC-15]  Hawaiian (Austronesian, Oceanic)",,,,eia,,
"[OC-15]  Hawaiian (Austronesian, Oceanic)",D2,place,distal,‘ō,aku,
"[OC-15]  Hawaiian (Austronesian, Oceanic)",,,,laila ,,mai laila
"[OC-15]  Hawaiian (Austronesian, Oceanic)",,,,mā-laila,,
"[OC-15]  Hawaiian (Austronesian, Oceanic)",,,,lā  ,,
"[OC-15]  Hawaiian (Austronesian, Oceanic)",,,,i laila,i laila,
"[OC-16]  Imonda (Border, Waris)",SI,SI,SI,ah-ia,ah-ia-m,ah-ia-néi 
"[OC-16]  Imonda (Border, Waris)",,,,,ah-la-m,
"[OC-16]  Imonda (Border, Waris)",D1,place,proximal,õh-ia,õsm ,õh-ia-néi
"[OC-16]  Imonda (Border, Waris)",,,,,õh-ia-m,
"[OC-16]  Imonda (Border, Waris)",D2,place,distal,ed-ia,esm,ed-ia-néi
"[OC-16]  Imonda (Border, Waris)",,,,,ed-ia-m,
[OC-17]  Jingulu (Mirndi),SI,SI,SI,(w)aju-wa ,(w)aju-wa ,(w)aju-wa-ngkami 
[OC-17]  Jingulu (Mirndi),,,,(w)aju-wara,(w)aju-wara,(w)aju-waru-ngkami
[OC-17]  Jingulu (Mirndi),,,,nyamba-mbili ,,(w)aju-ngkami
[OC-17]  Jingulu (Mirndi),D1,place,proximal,,ngarlarli,
[OC-17]  Jingulu (Mirndi),,,,ngini-mbili ,ngini-ngka,ngini-ngkami
[OC-17]  Jingulu (Mirndi),,,,nyini-mbili ,nyini-ngka,nyini-ngkami 
[OC-17]  Jingulu (Mirndi),D2,place,medial,jimi-,jimi-ngka,jimi-ngkami 
[OC-17]  Jingulu (Mirndi),D3,place,distal,ngunu-mbili,nguna-ngka,ngunu-ngkami
[OC-17]  Jingulu (Mirndi),,,,,ina-ngka,nginuwa-ngkami
[OC-17]  Jingulu (Mirndi),,,,,,nginduwu-ngkami
[OC-17]  Jingulu (Mirndi),D4,place,anaphoric,kuyu-mbili ,kuyu-ngka,kuyu-ngkami
"[OC-18]  Kilivila[211] (Austronesian, Oceanic)",SI,SI,SI,ambeya ,ambeya ,ambeya 
"[OC-18]  Kilivila[211] (Austronesian, Oceanic)",,,,ambe,ambe,ambe
"[OC-18]  Kilivila[211] (Austronesian, Oceanic)",,,,ambesa,ambesa,ambesa
"[OC-18]  Kilivila[211] (Austronesian, Oceanic)",D1,place,proximal,beya,emema,
"[OC-18]  Kilivila[211] (Austronesian, Oceanic)",,,,besa,,
"[OC-18]  Kilivila[211] (Austronesian, Oceanic)",,,,baisa,,
"[OC-18]  Kilivila[211] (Austronesian, Oceanic)",,,,beaka   ,,
"[OC-18]  Kilivila[211] (Austronesian, Oceanic)",,,,,,1metoya baisa
"[OC-18]  Kilivila[211] (Austronesian, Oceanic)",D2,place,distal I,beya,eveva,
"[OC-18]  Kilivila[211] (Austronesian, Oceanic)",,,,besa,,
"[OC-18]  Kilivila[211] (Austronesian, Oceanic)",,,,baisa,,
"[OC-18]  Kilivila[211] (Austronesian, Oceanic)",,,,beaka   ,,
"[OC-18]  Kilivila[211] (Austronesian, Oceanic)",,,,,,1metoya baisa
"[OC-18]  Kilivila[211] (Austronesian, Oceanic)",D3,place,distal II,oveva,NA,NA
"[OC-19]  Komnzo (Morehead-Wasur, Eastern Tonda)",SI,SI,SI,m-ä,mo-bo,mo-ba
"[OC-19]  Komnzo (Morehead-Wasur, Eastern Tonda)",D1,place,proximal,z-ä,z-bo,z-ba
"[OC-19]  Komnzo (Morehead-Wasur, Eastern Tonda)",D2,place,medial,b-ä,bo-bo,bo-ba
"[OC-19]  Komnzo (Morehead-Wasur, Eastern Tonda)",D3,place,distal,f-ä,fo-bo,fo-ba
"[OC-20]  Manambu (Sepik, Ndu)",SI,SI,SI,akə(-),akrəl,
"[OC-20]  Manambu (Sepik, Ndu)",,,,akə-l,,
"[OC-20]  Manambu (Sepik, Ndu)",,,,akə,,akəm tə-ku
"[OC-20]  Manambu (Sepik, Ndu)",,,,,,akəm tə-lə-k
"[OC-20]  Manambu (Sepik, Ndu)",D1,hybrid,proximal,aká ,krəl,NA
"[OC-20]  Manambu (Sepik, Ndu)",,,,ata,,
"[OC-20]  Manambu (Sepik, Ndu)",,,,(h)aká,,
"[OC-20]  Manambu (Sepik, Ndu)",,,,klay,,
"[OC-20]  Manambu (Sepik, Ndu)",,,,kləm,,
"[OC-20]  Manambu (Sepik, Ndu)",,,,kə(-),kə-lə-r,
"[OC-20]  Manambu (Sepik, Ndu)",,,,kəka,,
"[OC-20]  Manambu (Sepik, Ndu)",,,,kənay,,
"[OC-20]  Manambu (Sepik, Ndu)",,,,kə-lə-m,,
"[OC-20]  Manambu (Sepik, Ndu)",D2,hybrid,medial / near listener / anaphoric,wa-lə-m,NA,NA
"[OC-20]  Manambu (Sepik, Ndu)",,,,wa-l-ay,,
"[OC-20]  Manambu (Sepik, Ndu)",D3,hybrid,distal,a(-),a-l-ər,
"[OC-20]  Manambu (Sepik, Ndu)",,,,a-l-ə-m,a-l-ayir,a-l-ə-m
"[OC-21]  Maori (Southern Cook Islands) (Austronesian, Oceanic)",SI,SI,SI,ki ‘ea,ki ‘ea,mei ‘ea
"[OC-21]  Maori (Southern Cook Islands) (Austronesian, Oceanic)",,,,tei ‘ea,,
"[OC-21]  Maori (Southern Cook Islands) (Austronesian, Oceanic)",D1,place,proximal,i konei,ki konei ,1mei konei
"[OC-21]  Maori (Southern Cook Islands) (Austronesian, Oceanic)",,,,,mai,
"[OC-21]  Maori (Southern Cook Islands) (Austronesian, Oceanic)",D2,place,distal,i kō,ki kō,1mei kō
"[OC-21]  Maori (Southern Cook Islands) (Austronesian, Oceanic)",D3,place,anaphoric,i reira,ki reira,mei reira 
"[OC-22]  Marquesan (Austronesian, Oceanic)",SI,SI,SI,"hea, ",,
"[OC-22]  Marquesan (Austronesian, Oceanic)",,,,'i hea ,'i hea,mei hea
"[OC-22]  Marquesan (Austronesian, Oceanic)",,,,'i sea,,
"[OC-22]  Marquesan (Austronesian, Oceanic)",D1,hybrid,proximal / near speaker,'inei ,mai ,mei ‘inei
"[OC-22]  Marquesan (Austronesian, Oceanic)",,,,nei,,
"[OC-22]  Marquesan (Austronesian, Oceanic)",,,,'ina ,,
"[OC-22]  Marquesan (Austronesian, Oceanic)",D2,hybrid,distal I,ko,ko atu,
"[OC-22]  Marquesan (Austronesian, Oceanic)",,,,'i'a ,atu,
"[OC-22]  Marquesan (Austronesian, Oceanic)",,,,,atu i'a' ,
"[OC-22]  Marquesan (Austronesian, Oceanic)",,,,,(mai) 'i'a,
"[OC-22]  Marquesan (Austronesian, Oceanic)",D3,hybrid,anaphoric,ei'a,NA,mei 'ei'a'
"[OC-22]  Marquesan (Austronesian, Oceanic)",D4,place,distal II,NA,NA,NA
"[OC-23]  Martuthunira (Pama-Nyungan, Pilbara)",SI,SI,SI,wantha ,wantha-a,wantha-nguru 
"[OC-23]  Martuthunira (Pama-Nyungan, Pilbara)",,,,wanthala,,wanthala-nguru
"[OC-23]  Martuthunira (Pama-Nyungan, Pilbara)",D1,place,proximal,yilangu ,yilangu,yilangu-nguru
"[OC-23]  Martuthunira (Pama-Nyungan, Pilbara)",,,,yilarla,,
"[OC-23]  Martuthunira (Pama-Nyungan, Pilbara)",,,,yilarni,,
"[OC-23]  Martuthunira (Pama-Nyungan, Pilbara)",D2,place,medial,ngulangu,ngulangu,ngulangu-nguru
"[OC-23]  Martuthunira (Pama-Nyungan, Pilbara)",,,,ngularla,ngulangu-mulyarra,ngula-nguru
"[OC-23]  Martuthunira (Pama-Nyungan, Pilbara)",,,,ngularni,,ngularni
"[OC-24]  Mauwake (Trans-New Guinea, Madang) ",SI,SI,SI,ka-an ,ka-an ,ka-an
"[OC-24]  Mauwake (Trans-New Guinea, Madang) ",,,,kaan=eke,kaan=eke,1kaan=eke
"[OC-24]  Mauwake (Trans-New Guinea, Madang) ",D1,hybrid,proximal I / near speaker / visible,fa-an  ,fa-an,fa-an
"[OC-24]  Mauwake (Trans-New Guinea, Madang) ",,,,fa-ek,fa-eke,fa-eke
"[OC-24]  Mauwake (Trans-New Guinea, Madang) ",D2,hybrid,proximal II / rather close / usually visible,eef-an ,NA,NA
"[OC-24]  Mauwake (Trans-New Guinea, Madang) ",,,,eef-eke,,
"[OC-24]  Mauwake (Trans-New Guinea, Madang) ",D3,hybrid,distal I / away from the speaker / generic,na-an ,na-an,na-an
"[OC-24]  Mauwake (Trans-New Guinea, Madang) ",,,,na-eke,na-eke,na-eke
"[OC-24]  Mauwake (Trans-New Guinea, Madang) ",D4,hybrid,distal II / usually not visible,een-an,een-eke,NA
"[OC-24]  Mauwake (Trans-New Guinea, Madang) ",,,,een-eke,,
[OC-25]  Maybrat (Maybrat-Karon) ,SI,SI,SI,to-yo,to-yo,pat toyo
[OC-25]  Maybrat (Maybrat-Karon) ,,,,wo-yo ,wo-yo ,
[OC-25]  Maybrat (Maybrat-Karon) ,,,,mi-yo,mi-yo,
[OC-25]  Maybrat (Maybrat-Karon) ,D1,place,proximal I,me-f-o,pe-f-o ,pat we-f-o
[OC-25]  Maybrat (Maybrat-Karon) ,,,,we-f-o,,
[OC-25]  Maybrat (Maybrat-Karon) ,,,,wo-f-o,wo-f-o,
[OC-25]  Maybrat (Maybrat-Karon) ,,,,te-f-o,,
[OC-25]  Maybrat (Maybrat-Karon) ,,,,to-f-o,to-f-o ,
[OC-25]  Maybrat (Maybrat-Karon) ,,,,re-f-o,,
[OC-25]  Maybrat (Maybrat-Karon) ,D2,place,proximal II,me-t-o,NA,ro-t-o
[OC-25]  Maybrat (Maybrat-Karon) ,,,,te-t-o,,
[OC-25]  Maybrat (Maybrat-Karon) ,D3,place,distal I,we-au ,me-au ,ro-t-o 
[OC-25]  Maybrat (Maybrat-Karon) ,,,,to-au,to-au  ,
[OC-25]  Maybrat (Maybrat-Karon) ,,,,,re-au,
[OC-25]  Maybrat (Maybrat-Karon) ,D4,place,distal II,to,to,NA
[OC-25]  Maybrat (Maybrat-Karon) ,,,,to-n-o,to-n-o ,
[OC-25]  Maybrat (Maybrat-Karon) ,,,,po-n-o ,,
[OC-25]  Maybrat (Maybrat-Karon) ,,,,wo-n-o,,
[OC-25]  Maybrat (Maybrat-Karon) ,,,,m-n-o,,
"[OC-26]  Menya (Trans-New Guinea, Angan)",SI,SI,SI,äŋgi=wä,äŋgi=ŋqä=wä,äŋgi=ta=wä
"[OC-26]  Menya (Trans-New Guinea, Angan)",,,,äŋgi=i ,äŋgi=ŋqä=i,äŋgi=ta=i
"[OC-26]  Menya (Trans-New Guinea, Angan)",,,,äŋgi=kä,äŋgi=ŋqä=kä,äŋgi=ta=kä
"[OC-26]  Menya (Trans-New Guinea, Angan)",,,,,,äki=ta<X>=kä
"[OC-26]  Menya (Trans-New Guinea, Angan)",D1,place,proximal,tä=qi,tä=qi=ŋqä,tä=qi=ta
"[OC-26]  Menya (Trans-New Guinea, Angan)",,,,tä=uun ,,
"[OC-26]  Menya (Trans-New Guinea, Angan)",D2,place,distal,i=qi,i=qi=ŋqä ,i=qi=ta
"[OC-26]  Menya (Trans-New Guinea, Angan)",,,,,,i=ta=ŋi
[OC-27]  Motuna (South Bougainville),SI,SI,SI,woo,woo,
[OC-27]  Motuna (South Bougainville),,,,woo-ki,woo-ki,woo-ki-tee
[OC-27]  Motuna (South Bougainville),D1,place,proximal,owo,owo,
[OC-27]  Motuna (South Bougainville),,,,ongi,,ongi-tee
[OC-27]  Motuna (South Bougainville),D2,place,distal I,owo,owo,
[OC-27]  Motuna (South Bougainville),,,,tii ,tii,
[OC-27]  Motuna (South Bougainville),,,,ti-ki,,ti-ki-tee
[OC-27]  Motuna (South Bougainville),,,,ongi,ongi ,ongi-tee
[OC-27]  Motuna (South Bougainville),D3,place,distal II,ho-ko,NA,NA
[OC-28]  Ngan'gityemerri (Southern Daly),SI,SI,SI,kide,kide-pefi,kide-nimbi
[OC-28]  Ngan'gityemerri (Southern Daly),,,,tyen-de,,
[OC-28]  Ngan'gityemerri (Southern Daly),D1,place,proximal,kinyi,kinyi-pagu,1kin-nimbi(-pefi)
[OC-28]  Ngan'gityemerri (Southern Daly),,,,kinta,kinyi ,
[OC-28]  Ngan'gityemerri (Southern Daly),,,,,kinyi-pefi,2kinyi pefi 
[OC-28]  Ngan'gityemerri (Southern Daly),D2,place,medial,(w)uni ,wunu-pefi,wunu pagu
[OC-28]  Ngan'gityemerri (Southern Daly),,,,,,wu-nimbi
[OC-28]  Ngan'gityemerri (Southern Daly),,,,,,2wunu pagu nimbi
[OC-28]  Ngan'gityemerri (Southern Daly),D3,place,distal I,nyin(in),NA,nyin-nide-nimbi
[OC-28]  Ngan'gityemerri (Southern Daly),,,,,,
[OC-28]  Ngan'gityemerri (Southern Daly),,,,,,2nyinnimbi 
[OC-28]  Ngan'gityemerri (Southern Daly),,,,,,2nyin pefi nimbi 
[OC-28]  Ngan'gityemerri (Southern Daly),,,,,,2nyin pagu
[OC-28]  Ngan'gityemerri (Southern Daly),D4,place,distal II,yaga,NA,NA
"[OC-29]  Nii (Trans-New Guinea, Wahgic)",SI,SI,SI,jiłi,jiłi,jiłi
"[OC-29]  Nii (Trans-New Guinea, Wahgic)",,,,,,jiłi orung
"[OC-29]  Nii (Trans-New Guinea, Wahgic)",D1,place,proximal,ya,ya,konu ełe
"[OC-29]  Nii (Trans-New Guinea, Wahgic)",,,,ya ełe,,orung ełe
"[OC-29]  Nii (Trans-New Guinea, Wahgic)",,,,konu ei,,
"[OC-29]  Nii (Trans-New Guinea, Wahgic)",,,,ya konu ełe,,
"[OC-29]  Nii (Trans-New Guinea, Wahgic)",,,,,ya konu ,
"[OC-29]  Nii (Trans-New Guinea, Wahgic)",D2,place,distal,*konu,konu ełe,konu ełe
"[OC-29]  Nii (Trans-New Guinea, Wahgic)",,,,*eł,,ełe
"[OC-29]  Nii (Trans-New Guinea, Wahgic)",,,,∅,,
"[OC-30]  Orokaiva (Trans-New Guinea, Binanderean)",SI,SI,SI,nainge ,nainge ,nainge eto 
"[OC-30]  Orokaiva (Trans-New Guinea, Binanderean)",,,,naingere ,,
"[OC-30]  Orokaiva (Trans-New Guinea, Binanderean)",,,,nainge ta ,nainge ta,
"[OC-30]  Orokaiva (Trans-New Guinea, Binanderean)",,,,naingetare ,naingetare,
"[OC-30]  Orokaiva (Trans-New Guinea, Binanderean)",,,,deita(re) ,deita,deita eto
"[OC-30]  Orokaiva (Trans-New Guinea, Binanderean)",,,,davo(re) ,deitare ,davo
"[OC-30]  Orokaiva (Trans-New Guinea, Binanderean)",,,,nainge eto,,davo eto
"[OC-30]  Orokaiva (Trans-New Guinea, Binanderean)",,,,,degi neinge ,
"[OC-30]  Orokaiva (Trans-New Guinea, Binanderean)",D1,place,proximal,ei,,degi erevi
"[OC-30]  Orokaiva (Trans-New Guinea, Binanderean)",,,,ei ta ,ei ta,ai ta 
"[OC-30]  Orokaiva (Trans-New Guinea, Binanderean)",,,,erevira,,
"[OC-30]  Orokaiva (Trans-New Guinea, Binanderean)",,,,1ere,,
"[OC-30]  Orokaiva (Trans-New Guinea, Binanderean)",D2,place,distal I,ai ,,1ta
"[OC-30]  Orokaiva (Trans-New Guinea, Binanderean)",,,,ai ta ,1ai ta ,1ai ta 
"[OC-30]  Orokaiva (Trans-New Guinea, Binanderean)",,,,1ari,,
"[OC-30]  Orokaiva (Trans-New Guinea, Binanderean)",,,,orovira,,
"[OC-30]  Orokaiva (Trans-New Guinea, Binanderean)",D3,place,distal II,oi,NA,NA
"[OC-31]  Palauan (Austronesian, Malayo-Polynesian)",SI,SI,SI,er ker ,er ker,er ker
"[OC-31]  Palauan (Austronesian, Malayo-Polynesian)",D1,hybrid,proximal,er tiang,er tiang,er tiang
"[OC-31]  Palauan (Austronesian, Malayo-Polynesian)",,,,er tiei,er tiei,er tiei
"[OC-31]  Palauan (Austronesian, Malayo-Polynesian)",D2,hybrid,medial / near listener,er tilechang,er tilechang,er tilechang
"[OC-31]  Palauan (Austronesian, Malayo-Polynesian)",D3,hybrid,distal,er sei,er sei,er sei
"[OC-32]  Pitjantjatjara (Pama-Nyungan, Wati)",SI,SI,SI,yaaltji,yaaltji-kutu,yaaltji-nguru
"[OC-32]  Pitjantjatjara (Pama-Nyungan, Wati)",,,,ngana-la,ngana-kutu,
"[OC-32]  Pitjantjatjara (Pama-Nyungan, Wati)",,,,yaaltjingka,,
"[OC-32]  Pitjantjatjara (Pama-Nyungan, Wati)",D1,place,proximal,nyanga-tja,*nyanga-kutu,nyanga-nguru
"[OC-32]  Pitjantjatjara (Pama-Nyungan, Wati)",,,,nyangangka,,
"[OC-32]  Pitjantjatjara (Pama-Nyungan, Wati)",D2,place,distal,nyara-tja,*nyara-kutu,palula-nguru
"[OC-32]  Pitjantjatjara (Pama-Nyungan, Wati)",,,,nyara-ngka,,
"[OC-33]  Ponapean (Austronesian, Oceanic)",SI,SI,SI,ia,ia,ia
"[OC-33]  Ponapean (Austronesian, Oceanic)",D1,hybrid,proximal / near speaker,met ,met,*met 
"[OC-33]  Ponapean (Austronesian, Oceanic)",,,,,[V]-do,
"[OC-33]  Ponapean (Austronesian, Oceanic)",D2,hybrid,medial / near listener,men  ,men,*men
"[OC-33]  Ponapean (Austronesian, Oceanic)",D3,hybrid,distal / away from both,mwo ,*mwo ,mwo  
"[OC-34]  Rapanui (Austronesian, Oceanic)",SI,SI,SI,'i hē,ki hē,mai hē
"[OC-34]  Rapanui (Austronesian, Oceanic)",D1,hybrid,proximal / near speaker,'i nei ,ki nei ,mai nei 
"[OC-34]  Rapanui (Austronesian, Oceanic)",D2,hybrid,medial / near listener,'i nā  ,ki nā,mai nā
"[OC-34]  Rapanui (Austronesian, Oceanic)",D3,hybrid,distal / away from both,'i rā  ,ki rā  ,mai rā  
"[OC-35]  Rawa (Karo) (Trans-New Guinea, Finisterre-Huon)",SI,SI,SI,nda,nda,
"[OC-35]  Rawa (Karo) (Trans-New Guinea, Finisterre-Huon)",,,,nda-no,1nda-sina,1nda-no-nggo
"[OC-35]  Rawa (Karo) (Trans-New Guinea, Finisterre-Huon)",,,,,,1nda-sina-nggo
"[OC-35]  Rawa (Karo) (Trans-New Guinea, Finisterre-Huon)",D1,place,proximal,nga,,
"[OC-35]  Rawa (Karo) (Trans-New Guinea, Finisterre-Huon)",,,,nga-no,nga-no,nga-no-nggo
"[OC-35]  Rawa (Karo) (Trans-New Guinea, Finisterre-Huon)",,,,,nga-sina,
"[OC-35]  Rawa (Karo) (Trans-New Guinea, Finisterre-Huon)",D2,place,distal,ngu,,
"[OC-35]  Rawa (Karo) (Trans-New Guinea, Finisterre-Huon)",,,,ngu-no,ngu-no,ngu-no-nggo
"[OC-35]  Rawa (Karo) (Trans-New Guinea, Finisterre-Huon)",,,,,ngu-sina,ngu-sina-nggo
[OC-36]  Rotokas (North Bougainville),SI,SI,SI,ovu ,ovu ,
[OC-36]  Rotokas (North Bougainville),,,,,ovu=re,
[OC-36]  Rotokas (North Bougainville),,,,1ovu-ia,1ovu-a,1ovu-va
[OC-36]  Rotokas (North Bougainville),D1,place,proximal,vo(o),voo,voo-va 
[OC-36]  Rotokas (North Bougainville),,,,vo(a),,voa-va
[OC-36]  Rotokas (North Bougainville),,,,voo=ia,vo(o)=re ,
[OC-36]  Rotokas (North Bougainville),D2,place,distal,evoa ,vavo=re ,vavo-va
[OC-36]  Rotokas (North Bougainville),,,,vavo(iso),,
[OC-36]  Rotokas (North Bougainville),,,,vavo(isio),,
[OC-36]  Rotokas (North Bougainville),,,,vavao ,,
"[OC-37]  Sa'a (Austronesian, Oceanic)",SI,SI,SI,itei,1i tei ,'urei tei
"[OC-37]  Sa'a (Austronesian, Oceanic)",,,,ihei,,e kei hei
"[OC-37]  Sa'a (Austronesian, Oceanic)",,,,lehuna,,
"[OC-37]  Sa'a (Austronesian, Oceanic)",,,,le'une,,
"[OC-37]  Sa'a (Austronesian, Oceanic)",D1,place,proximal,'ie,mäi,keikei ilehu
"[OC-37]  Sa'a (Austronesian, Oceanic)",,,,ilehu,,mwaani ilehu
"[OC-37]  Sa'a (Austronesian, Oceanic)",,,,ile'u,,'ure ile'u
"[OC-37]  Sa'a (Austronesian, Oceanic)",,,,inihou,,
"[OC-37]  Sa'a (Austronesian, Oceanic)",D2,place,distal,ileune,ileune,mwaanie ile'une
"[OC-37]  Sa'a (Austronesian, Oceanic)",,,,ilehuna,ileune ta'e  ,'urei ile'une
"[OC-37]  Sa'a (Austronesian, Oceanic)",,,,ile'une,ileune h̹ao,
"[OC-37]  Sa'a (Austronesian, Oceanic)",,,,wäu,,
[OC-38]  Savosavo (Solomon Islands),SI,SI,SI,ala,ala,*ala=tu
[OC-38]  Savosavo (Solomon Islands),,,,alati,,
[OC-38]  Savosavo (Solomon Islands),D1,place,proximal,ata,ata,*ata=tu
[OC-38]  Savosavo (Solomon Islands),,,,atati,,
[OC-38]  Savosavo (Solomon Islands),D2,place,distal,ota,ota,ota=tu
[OC-38]  Savosavo (Solomon Islands),,,,otati,,
"[OC-39]  South Efate (Austronesian, Oceanic)",SI,SI,SI, (e)swa(=n),(e)swa,eswa=n mai
"[OC-39]  South Efate (Austronesian, Oceanic)",D1,place,proximal,kia,mai,pa
"[OC-39]  South Efate (Austronesian, Oceanic)",,,, (e)sa,1 (mai pak) esa(n)],1esa (pa=n)
"[OC-39]  South Efate (Austronesian, Oceanic)",D3,place,distal,(e)sa(=n),pa(n),
"[OC-39]  South Efate (Austronesian, Oceanic)",,,,(e)sa-go,pa=n,kai pan
"[OC-39]  South Efate (Austronesian, Oceanic)",,,,sanien,pak sanpe,
"[OC-39]  South Efate (Austronesian, Oceanic)",,,,sanpe,sanpe=n,1 [sanpe=n mai]
"[OC-39]  South Efate (Austronesian, Oceanic)",,,,pen,,
"[OC-40]  Tidore (West Papuan, North Halmahera)",SI,SI,SI,ka-be,ka-be,ka-be
"[OC-40]  Tidore (West Papuan, North Halmahera)",,,,,,
"[OC-40]  Tidore (West Papuan, North Halmahera)",D1,place,proximal,ka-re,ka-re,ka-re
"[OC-40]  Tidore (West Papuan, North Halmahera)",,,,,ino(=re),
"[OC-40]  Tidore (West Papuan, North Halmahera)",D2,place,distal I,ka-ge,ka-ge,ka-ge 
"[OC-40]  Tidore (West Papuan, North Halmahera)",,,,,ia(=ge),
"[OC-40]  Tidore (West Papuan, North Halmahera)",D3,place,distal II,ka-ta,ka-ta,ka-ta 
"[OC-40]  Tidore (West Papuan, North Halmahera)",,,,,ia(=ta),
"[OC-41]  Tinrin (Austronesian, Oceanic)",SI,SI,SI,ruu-e,pwere-e ,ghe-e
"[OC-41]  Tinrin (Austronesian, Oceanic)",,,,âe,were-e ,fiv ghe-e
"[OC-41]  Tinrin (Austronesian, Oceanic)",,,,hae,were âe,
"[OC-41]  Tinrin (Austronesian, Oceanic)",,,,,ae,
"[OC-41]  Tinrin (Austronesian, Oceanic)",D1,hybrid,proximal,ha,ânrâ-ha  ,ghe ânrâ-ha
"[OC-41]  Tinrin (Austronesian, Oceanic)",,,,ânrâ-ha,were ânrâ-ha,
"[OC-41]  Tinrin (Austronesian, Oceanic)",,,,ru ânrâha  ,ru ânrâ-ha,
"[OC-41]  Tinrin (Austronesian, Oceanic)",,,,nrâ-ha,sirov mêv,
"[OC-41]  Tinrin (Austronesian, Oceanic)",,,,haro,,
"[OC-41]  Tinrin (Austronesian, Oceanic)",,,,âro-ha ,,
"[OC-41]  Tinrin (Austronesian, Oceanic)",,,,âroa-ha,,
"[OC-41]  Tinrin (Austronesian, Oceanic)",,,,hava,,
"[OC-41]  Tinrin (Austronesian, Oceanic)",,,,nroorren,,
"[OC-41]  Tinrin (Austronesian, Oceanic)",D2,hybrid,near listener ,âro,,
"[OC-41]  Tinrin (Austronesian, Oceanic)",,,,amwairrù,pwere ânrâ-mwâ,ghe ânrâ-mwâ
"[OC-41]  Tinrin (Austronesian, Oceanic)",,,,âro-mwâ  ,pwere âro,
"[OC-41]  Tinrin (Austronesian, Oceanic)",,,,mwâ,,
"[OC-41]  Tinrin (Austronesian, Oceanic)",,,,ânrâ-mwâ,,
"[OC-41]  Tinrin (Austronesian, Oceanic)",,,,dri-ânrâ-mwâ,,
"[OC-41]  Tinrin (Austronesian, Oceanic)",,,,anrî ,pwere nrî,
"[OC-41]  Tinrin (Austronesian, Oceanic)",,,,nrî,,
"[OC-41]  Tinrin (Austronesian, Oceanic)",,,,ru nrî,,ghe ru nrî
"[OC-41]  Tinrin (Austronesian, Oceanic)",,,,anrî-mwâ,ruu nrî,
"[OC-41]  Tinrin (Austronesian, Oceanic)",,,,mwâro-mwâ,,
"[OC-41]  Tinrin (Austronesian, Oceanic)",,,,âroa-mwâ,,
"[OC-41]  Tinrin (Austronesian, Oceanic)",D3,hybrid,mid-distant / anaphoric,rra,,NA
"[OC-41]  Tinrin (Austronesian, Oceanic)",,,,ânrâ-rra ,pwere ânrâ-rra,
"[OC-41]  Tinrin (Austronesian, Oceanic)",,,,ârijù ,,
"[OC-41]  Tinrin (Austronesian, Oceanic)",D4,hybrid,distal,NA,NA,NA
"[OC-42]  Tok Pisin (Indo-European, Pacific Creole English)",SI,SI,SI,we,we,(long) we
"[OC-42]  Tok Pisin (Indo-European, Pacific Creole English)",D1,place,proximal,hia,long hia ,long hia 
"[OC-42]  Tok Pisin (Indo-European, Pacific Creole English)",D2,place,distal I,long hap,long hap ,(long) hap 
"[OC-42]  Tok Pisin (Indo-European, Pacific Creole English)",D3,place,distal II,longwe liklik ,longwe liklik ,longwe liklik 
"[OC-42]  Tok Pisin (Indo-European, Pacific Creole English)",,,,longwe,longwe,longwe
"[OC-43]  Tongan (Austronesian, Oceanic) ",SI,SI,SI,'i fē,ki fē,mei fē
"[OC-43]  Tongan (Austronesian, Oceanic) ",D1,place,proximal,'i heni ,ki heni ,mei heni 
"[OC-43]  Tongan (Austronesian, Oceanic) ",,,,,1mai  ,atu
"[OC-43]  Tongan (Austronesian, Oceanic) ",D2,place,distal,ai,ki ai ,mei ai 
"[OC-43]  Tongan (Austronesian, Oceanic) ",,,,'i ai ,atu ,
"[OC-43]  Tongan (Austronesian, Oceanic) ",,,,'i hē,1ange,
"[OC-43]  Tongan (Austronesian, Oceanic) ",,,,'i hena ,,
"[OC-44]  Wambaya (Mirndi, Ngurlun)",SI,SI,SI,inja-ni ,inja-ni ,inja-nnga
"[OC-44]  Wambaya (Mirndi, Ngurlun)",D1,place,proximal,gi-li ,bangar-ni(ga) ,gi-nngana
"[OC-44]  Wambaya (Mirndi, Ngurlun)",,,,,gi-nmanji,
"[OC-44]  Wambaya (Mirndi, Ngurlun)",D2,place,distal,gili-yaga ,,*gi-nnga
"[OC-44]  Wambaya (Mirndi, Ngurlun)",,,,gili-ya,,
"[OC-44]  Wambaya (Mirndi, Ngurlun)",,,,gi-nki ,gi-nki ,
[OC-45]  Wardaman (Yangmanic),SI,SI,SI,guda,guda,
[OC-45]  Wardaman (Yangmanic),,,,guda-ni,guda-rlan,gudang-ba
[OC-45]  Wardaman (Yangmanic),,,,guda-nya ,,
[OC-45]  Wardaman (Yangmanic),D1,place,proximal,damin ,dami-rlan,dami-ba
[OC-45]  Wardaman (Yangmanic),,,,jewele ,jewele-warr,
[OC-45]  Wardaman (Yangmanic),,,,dan-ya,dan-garr ,dan-ba
[OC-45]  Wardaman (Yangmanic),,,,,borri-rlan,
[OC-45]  Wardaman (Yangmanic),D2,place,distal I,darni,baraj-garr,baraj-ba
[OC-45]  Wardaman (Yangmanic),,,,baraj,numbu-lan,
[OC-45]  Wardaman (Yangmanic),,,,nan-ya,nan-garr,nan-ba
[OC-45]  Wardaman (Yangmanic),D3,place,distal II,dawu,dawu-rlan,dawung-ba
"[OC-46]  Warrongo (Pama-Nyungan, Maric)",SI,SI,SI,wanyja ,wanyja ,wanyja-bara 
"[OC-46]  Warrongo (Pama-Nyungan, Maric)",,,,wanyja-rro ,wanyja-rro ,wanyja-y-mo 
"[OC-46]  Warrongo (Pama-Nyungan, Maric)",,,,,wanyja-ngal,wanyja-mo
"[OC-46]  Warrongo (Pama-Nyungan, Maric)",,,,,wanyja-rri-ngal,wanyja-ngomay
"[OC-46]  Warrongo (Pama-Nyungan, Maric)",D1,place,proximal,yarro-n-da,yarro-wo,yarro-ngomay
"[OC-46]  Warrongo (Pama-Nyungan, Maric)",,,,,yarro-ngal,
"[OC-46]  Warrongo (Pama-Nyungan, Maric)",D2,place,distal,ngoni-n-da,ngoni-wo,ngoni-ngomay
"[OC-46]  Warrongo (Pama-Nyungan, Maric)",,,,ngona-n-da,ngoni=wa,ngona-ngomay
"[OC-47]  Yawuru (Nyulnyulan, Eastern)",SI,SI,SI,dyana,dyana-di,dyana-gap
"[OC-47]  Yawuru (Nyulnyulan, Eastern)",,,,dyana-gun,dyana-ladir,
"[OC-47]  Yawuru (Nyulnyulan, Eastern)",,,,,dyana-ngarn,
"[OC-47]  Yawuru (Nyulnyulan, Eastern)",D1,place,proximal,nyamba,nya-gap,nyamba-gap 
"[OC-47]  Yawuru (Nyulnyulan, Eastern)",,,,yamba,nyamba-ngarn,nyambgap
"[OC-47]  Yawuru (Nyulnyulan, Eastern)",,,,dyamba,,nyamgap 
"[OC-47]  Yawuru (Nyulnyulan, Eastern)",,,,nyamba-gun,,nyammagap
"[OC-47]  Yawuru (Nyulnyulan, Eastern)",,,,,,nya-gap
"[OC-47]  Yawuru (Nyulnyulan, Eastern)",D2,place,medial,kamba,ka-gap-layin,kambgap
"[OC-47]  Yawuru (Nyulnyulan, Eastern)",,,,kamba-gun,kamma-ngarn,kammagap
"[OC-47]  Yawuru (Nyulnyulan, Eastern)",,,,,,karda
"[OC-47]  Yawuru (Nyulnyulan, Eastern)",D3,place,distal,karda,karda,NA
"[OC-47]  Yawuru (Nyulnyulan, Eastern)",,,,karda-gun,karda-ngarn,
"[OC-48]  Yidiɲ (Pama-Nyungan, Yimidhirr-Yalanji-Yidinic)",SI,SI,SI,waɲɖa,waɲɖa-:l,waɲɖa-m
"[OC-48]  Yidiɲ (Pama-Nyungan, Yimidhirr-Yalanji-Yidinic)",,,,,waɲɖa-:gu,
"[OC-48]  Yidiɲ (Pama-Nyungan, Yimidhirr-Yalanji-Yidinic)",D1,place,proximal,yiŋgu,yiŋgu-:gu,yiŋgu-m
"[OC-48]  Yidiɲ (Pama-Nyungan, Yimidhirr-Yalanji-Yidinic)",,,,,yiŋgu-:ruɲ,
"[OC-48]  Yidiɲ (Pama-Nyungan, Yimidhirr-Yalanji-Yidinic)",,,,,yiŋ:luy,
"[OC-48]  Yidiɲ (Pama-Nyungan, Yimidhirr-Yalanji-Yidinic)",D2,place,distal I,ŋuŋgu,ŋuŋgu-:gu,ŋuŋgu-m
"[OC-48]  Yidiɲ (Pama-Nyungan, Yimidhirr-Yalanji-Yidinic)",D3,place,distal II,yuŋgu,yuŋgu-:gu,yuŋgu-m
"[OC-49]  Yindjibarndi  (Pama-Nyungan, Pilbara)",SI,SI,SI,wanhthi-la,wanhthi-la,wanhthi-la-ngu
"[OC-49]  Yindjibarndi  (Pama-Nyungan, Pilbara)",,,,,wanhtha-rni,
"[OC-49]  Yindjibarndi  (Pama-Nyungan, Pilbara)",D1,place,proximal,nhu-la,,nhula-ngu
"[OC-49]  Yindjibarndi  (Pama-Nyungan, Pilbara)",,,,murna,murna-kurru,murna-ngu
"[OC-49]  Yindjibarndi  (Pama-Nyungan, Pilbara)",,,,nhaa,,
"[OC-49]  Yindjibarndi  (Pama-Nyungan, Pilbara)",D2,place,distal I,ngu-la,ngunhu-ngu,ngula-ngu
"[OC-49]  Yindjibarndi  (Pama-Nyungan, Pilbara)",,,,,ngunhu-nguwarta,
"[OC-49]  Yindjibarndi  (Pama-Nyungan, Pilbara)",D3,place,distal II,ngunhthi,ngunhthi-urru,NA
"[OC-50]  Yuwaalaraay (Pama-Nyungan, Wiradhuric)",SI,SI,SI,minyaaya,minyaarru,minyaayi
"[OC-50]  Yuwaalaraay (Pama-Nyungan, Wiradhuric)",,,,,,minyaayi dhaay
"[OC-50]  Yuwaalaraay (Pama-Nyungan, Wiradhuric)",,,,,,minyaaya
"[OC-50]  Yuwaalaraay (Pama-Nyungan, Wiradhuric)",,,,,,minyaaya dhaay
"[OC-50]  Yuwaalaraay (Pama-Nyungan, Wiradhuric)",D1,place,proximal I,nhalay,marra-dhaay,ngii-lay
"[OC-50]  Yuwaalaraay (Pama-Nyungan, Wiradhuric)",,,,nguwa,dhaay,
"[OC-50]  Yuwaalaraay (Pama-Nyungan, Wiradhuric)",,,,nguwalay,,
"[OC-50]  Yuwaalaraay (Pama-Nyungan, Wiradhuric)",D2,place,proximal II / medial ,nhama,nhama-dhaay,ngii-ma
"[OC-50]  Yuwaalaraay (Pama-Nyungan, Wiradhuric)",,,,ngiyarrma,,
"[OC-50]  Yuwaalaraay (Pama-Nyungan, Wiradhuric)",D3,place,distal I,ngaarri,ngaarri-gu,ngii-ma
"[OC-50]  Yuwaalaraay (Pama-Nyungan, Wiradhuric)",,,,,ngaama-dhaay,nyii-ma
"[OC-50]  Yuwaalaraay (Pama-Nyungan, Wiradhuric)",D4,place,distal II,marra,marra-gu,NA
"[OC-50]  Yuwaalaraay (Pama-Nyungan, Wiradhuric)",D5,place,distal III,ngaama,ngaama-dhaay,NA