Language,uid,deictic_index
Adyghe (Abkhaz-Adyge),1,3
Adyghe (Abkhaz-Adyge),2,4
Adyghe (Abkhaz-Adyge),0,5
Adyghe (Abkhaz-Adyge),1,0
Adyghe (Abkhaz-Adyge),2,1
Adyghe (Abkhaz-Adyge),0,2
Adyghe (Abkhaz-Adyge),1,6
Adyghe (Abkhaz-Adyge),2,7
Adyghe (Abkhaz-Adyge),0,8
"Afar (Afro-Asiatic, Cushitic)",1,3
"Afar (Afro-Asiatic, Cushitic)",3,4
"Afar (Afro-Asiatic, Cushitic)",3,5
"Afar (Afro-Asiatic, Cushitic)",1,0
"Afar (Afro-Asiatic, Cushitic)",3,1
"Afar (Afro-Asiatic, Cushitic)",3,2
"Afar (Afro-Asiatic, Cushitic)",0,6
"Afar (Afro-Asiatic, Cushitic)",2,7
"Afar (Afro-Asiatic, Cushitic)",2,8
"Albanian (Indo-European, Albanian)",1,3
"Albanian (Indo-European, Albanian)",0,4
"Albanian (Indo-European, Albanian)",0,5
"Albanian (Indo-European, Albanian)",1,0
"Albanian (Indo-European, Albanian)",0,1
"Albanian (Indo-European, Albanian)",0,2
"Albanian (Indo-European, Albanian)",3,6
"Albanian (Indo-European, Albanian)",2,7
"Albanian (Indo-European, Albanian)",2,8
"Amharic (Afro-Asiatic, Semitic)",0,3
"Amharic (Afro-Asiatic, Semitic)",1,4
"Amharic (Afro-Asiatic, Semitic)",1,5
"Amharic (Afro-Asiatic, Semitic)",0,0
"Amharic (Afro-Asiatic, Semitic)",1,1
"Amharic (Afro-Asiatic, Semitic)",1,2
"Amharic (Afro-Asiatic, Semitic)",2,6
"Amharic (Afro-Asiatic, Semitic)",3,7
"Amharic (Afro-Asiatic, Semitic)",3,8
"Angolar (Indo-European, Lower Guinea Portuguese)",1,3
"Angolar (Indo-European, Lower Guinea Portuguese)",2,4
"Angolar (Indo-European, Lower Guinea Portuguese)",2,5
"Angolar (Indo-European, Lower Guinea Portuguese)",0,0
"Angolar (Indo-European, Lower Guinea Portuguese)",2,1
"Angolar (Indo-European, Lower Guinea Portuguese)",2,2
"Angolar (Indo-European, Lower Guinea Portuguese)",1,6
"Angolar (Indo-European, Lower Guinea Portuguese)",2,7
"Angolar (Indo-European, Lower Guinea Portuguese)",2,8
Balese (Central Sudanic),0,3
Balese (Central Sudanic),4,4
Balese (Central Sudanic),2,5
Balese (Central Sudanic),1,0
Balese (Central Sudanic),5,1
Balese (Central Sudanic),3,2
Balese (Central Sudanic),0,6
Balese (Central Sudanic),4,7
Balese (Central Sudanic),2,8
Bambara (Mande),0,3
Bambara (Mande),1,4
Bambara (Mande),1,5
Bambara (Mande),0,0
Bambara (Mande),1,1
Bambara (Mande),1,2
Bambara (Mande),0,6
Bambara (Mande),1,7
Bambara (Mande),1,8
Bangime (Bangime),0,3
Bangime (Bangime),2,4
Bangime (Bangime),1,5
Bangime (Bangime),0,0
Bangime (Bangime),2,1
Bangime (Bangime),1,2
Bangime (Bangime),0,6
Bangime (Bangime),2,7
Bangime (Bangime),1,8
Basque,5,3
Basque,7,4
Basque,1,5
Basque,3,0
Basque,6,1
Basque,0,2
Basque,4,6
Basque,8,7
Basque,2,8
Belarusian,2,3
Belarusian,4,4
Belarusian,4,5
Belarusian,5,0
Belarusian,3,1
Belarusian,3,2
Belarusian,0,6
Belarusian,1,7
Belarusian,1,8
Bulgarian,3,3
Bulgarian,2,4
Bulgarian,2,5
Bulgarian,3,0
Bulgarian,2,1
Bulgarian,2,2
Bulgarian,1,6
Bulgarian,0,7
Bulgarian,0,8
Bunoge Dogon (Dogon),3,3
Bunoge Dogon (Dogon),1,4
Bunoge Dogon (Dogon),1,5
Bunoge Dogon (Dogon),2,0
Bunoge Dogon (Dogon),0,1
Bunoge Dogon (Dogon),0,2
Bunoge Dogon (Dogon),3,6
Bunoge Dogon (Dogon),1,7
Bunoge Dogon (Dogon),1,8
Catalan,2,3
Catalan,1,4
Catalan,0,5
Catalan,2,0
Catalan,1,1
Catalan,0,2
Catalan,5,6
Catalan,4,7
Catalan,3,8
"Croatian (Indo-European, Slavic)",3,3
"Croatian (Indo-European, Slavic)",4,4
"Croatian (Indo-European, Slavic)",4,5
"Croatian (Indo-European, Slavic)",3,0
"Croatian (Indo-European, Slavic)",2,1
"Croatian (Indo-European, Slavic)",2,2
"Croatian (Indo-European, Slavic)",1,6
"Croatian (Indo-European, Slavic)",0,7
"Croatian (Indo-European, Slavic)",0,8
"Czech (Indo-European, Slavic)",2,3
"Czech (Indo-European, Slavic)",3,4
"Czech (Indo-European, Slavic)",3,5
"Czech (Indo-European, Slavic)",4,0
"Czech (Indo-European, Slavic)",3,1
"Czech (Indo-European, Slavic)",3,2
"Czech (Indo-European, Slavic)",0,6
"Czech (Indo-European, Slavic)",1,7
"Czech (Indo-European, Slavic)",1,8
"Danish (Indo-European, Germanic)",5,3
"Danish (Indo-European, Germanic)",2,4
"Danish (Indo-European, Germanic)",2,5
"Danish (Indo-European, Germanic)",3,0
"Danish (Indo-European, Germanic)",0,1
"Danish (Indo-European, Germanic)",0,2
"Danish (Indo-European, Germanic)",4,6
"Danish (Indo-European, Germanic)",1,7
"Danish (Indo-European, Germanic)",1,8
"Dii (Atlantic-Congo, Central Adamawa)",1,3
"Dii (Atlantic-Congo, Central Adamawa)",0,4
"Dii (Atlantic-Congo, Central Adamawa)",2,5
"Dii (Atlantic-Congo, Central Adamawa)",1,0
"Dii (Atlantic-Congo, Central Adamawa)",0,1
"Dii (Atlantic-Congo, Central Adamawa)",2,2
"Dii (Atlantic-Congo, Central Adamawa)",1,6
"Dii (Atlantic-Congo, Central Adamawa)",0,7
"Dii (Atlantic-Congo, Central Adamawa)",2,8
Dime (South Omotic),2,3
Dime (South Omotic),1,4
Dime (South Omotic),1,5
Dime (South Omotic),2,0
Dime (South Omotic),1,1
Dime (South Omotic),1,2
Dime (South Omotic),3,6
Dime (South Omotic),0,7
Dime (South Omotic),0,8
"Dutch (Indo-European, Germanic)",4,3
"Dutch (Indo-European, Germanic)",1,4
"Dutch (Indo-European, Germanic)",1,5
"Dutch (Indo-European, Germanic)",3,0
"Dutch (Indo-European, Germanic)",0,1
"Dutch (Indo-European, Germanic)",0,2
"Dutch (Indo-European, Germanic)",5,6
"Dutch (Indo-European, Germanic)",2,7
"Dutch (Indo-European, Germanic)",2,8
"Ekoti (Atlantic-Congo, Bantu)",0,3
"Ekoti (Atlantic-Congo, Bantu)",2,4
"Ekoti (Atlantic-Congo, Bantu)",1,5
"Ekoti (Atlantic-Congo, Bantu)",0,0
"Ekoti (Atlantic-Congo, Bantu)",2,1
"Ekoti (Atlantic-Congo, Bantu)",1,2
"Ekoti (Atlantic-Congo, Bantu)",0,6
"Ekoti (Atlantic-Congo, Bantu)",2,7
"Ekoti (Atlantic-Congo, Bantu)",1,8
"English (Indo-European, Germanic)",2,3
"English (Indo-European, Germanic)",3,4
"English (Indo-European, Germanic)",3,5
"English (Indo-European, Germanic)",2,0
"English (Indo-European, Germanic)",3,1
"English (Indo-European, Germanic)",3,2
"English (Indo-European, Germanic)",0,6
"English (Indo-European, Germanic)",1,7
"English (Indo-European, Germanic)",1,8
Estonian (Uralic),2,3
Estonian (Uralic),5,4
Estonian (Uralic),5,5
Estonian (Uralic),3,0
Estonian (Uralic),0,1
Estonian (Uralic),0,2
Estonian (Uralic),4,6
Estonian (Uralic),1,7
Estonian (Uralic),1,8
"Ewe (Atlantic-Congo, Gbe)",0,3
"Ewe (Atlantic-Congo, Gbe)",2,4
"Ewe (Atlantic-Congo, Gbe)",2,5
"Ewe (Atlantic-Congo, Gbe)",0,0
"Ewe (Atlantic-Congo, Gbe)",1,1
"Ewe (Atlantic-Congo, Gbe)",1,2
"Ewe (Atlantic-Congo, Gbe)",0,6
"Ewe (Atlantic-Congo, Gbe)",2,7
"Ewe (Atlantic-Congo, Gbe)",2,8
"Faroese (Indo-European, Germanic)",3,3
"Faroese (Indo-European, Germanic)",0,4
"Faroese (Indo-European, Germanic)",0,5
"Faroese (Indo-European, Germanic)",3,0
"Faroese (Indo-European, Germanic)",2,1
"Faroese (Indo-European, Germanic)",2,2
"Faroese (Indo-European, Germanic)",4,6
"Faroese (Indo-European, Germanic)",1,7
"Faroese (Indo-European, Germanic)",1,8
Finnish (Uralic),5,3
Finnish (Uralic),2,4
Finnish (Uralic),8,5
Finnish (Uralic),3,0
Finnish (Uralic),0,1
Finnish (Uralic),6,2
Finnish (Uralic),4,6
Finnish (Uralic),1,7
Finnish (Uralic),7,8
"Fon (Atlantic-Congo, Gbe)",0,3
"Fon (Atlantic-Congo, Gbe)",1,4
"Fon (Atlantic-Congo, Gbe)",1,5
"Fon (Atlantic-Congo, Gbe)",0,0
"Fon (Atlantic-Congo, Gbe)",1,1
"Fon (Atlantic-Congo, Gbe)",1,2
"Fon (Atlantic-Congo, Gbe)",0,6
"Fon (Atlantic-Congo, Gbe)",1,7
"Fon (Atlantic-Congo, Gbe)",1,8
"French (Indo-European, Romance)",3,3
"French (Indo-European, Romance)",4,4
"French (Indo-European, Romance)",5,5
"French (Indo-European, Romance)",3,0
"French (Indo-European, Romance)",4,1
"French (Indo-European, Romance)",5,2
"French (Indo-European, Romance)",0,6
"French (Indo-European, Romance)",1,7
"French (Indo-European, Romance)",2,8
"Fulfulde, Adamawa (Atlantic-Congo, North Atlantic)",3,3
"Fulfulde, Adamawa (Atlantic-Congo, North Atlantic)",1,4
"Fulfulde, Adamawa (Atlantic-Congo, North Atlantic)",1,5
"Fulfulde, Adamawa (Atlantic-Congo, North Atlantic)",3,0
"Fulfulde, Adamawa (Atlantic-Congo, North Atlantic)",4,1
"Fulfulde, Adamawa (Atlantic-Congo, North Atlantic)",4,2
"Fulfulde, Adamawa (Atlantic-Congo, North Atlantic)",2,6
"Fulfulde, Adamawa (Atlantic-Congo, North Atlantic)",0,7
"Fulfulde, Adamawa (Atlantic-Congo, North Atlantic)",0,8
Georgian (Kartvelian),0,3
Georgian (Kartvelian),5,4
Georgian (Kartvelian),2,5
Georgian (Kartvelian),0,0
Georgian (Kartvelian),5,1
Georgian (Kartvelian),2,2
Georgian (Kartvelian),1,6
Georgian (Kartvelian),4,7
Georgian (Kartvelian),3,8
"German (Indo-European, Germanic)",7,3
"German (Indo-European, Germanic)",2,4
"German (Indo-European, Germanic)",5,5
"German (Indo-European, Germanic)",6,0
"German (Indo-European, Germanic)",0,1
"German (Indo-European, Germanic)",3,2
"German (Indo-European, Germanic)",8,6
"German (Indo-European, Germanic)",1,7
"German (Indo-European, Germanic)",4,8
"Gidar (Afro-Asiatic, Chadic)",1,3
"Gidar (Afro-Asiatic, Chadic)",0,4
"Gidar (Afro-Asiatic, Chadic)",0,5
"Gidar (Afro-Asiatic, Chadic)",1,0
"Gidar (Afro-Asiatic, Chadic)",0,1
"Gidar (Afro-Asiatic, Chadic)",0,2
"Gidar (Afro-Asiatic, Chadic)",2,6
"Gidar (Afro-Asiatic, Chadic)",3,7
"Gidar (Afro-Asiatic, Chadic)",3,8
"Gonja (Atlantic-Congo, Guang)",0,3
"Gonja (Atlantic-Congo, Guang)",1,4
"Gonja (Atlantic-Congo, Guang)",1,5
"Gonja (Atlantic-Congo, Guang)",0,0
"Gonja (Atlantic-Congo, Guang)",1,1
"Gonja (Atlantic-Congo, Guang)",1,2
"Gonja (Atlantic-Congo, Guang)",0,6
"Gonja (Atlantic-Congo, Guang)",1,7
"Gonja (Atlantic-Congo, Guang)",1,8
"Greek, Modern (Indo-European, Graeco-Phrygian)",2,3
"Greek, Modern (Indo-European, Graeco-Phrygian)",3,4
"Greek, Modern (Indo-European, Graeco-Phrygian)",3,5
"Greek, Modern (Indo-European, Graeco-Phrygian)",2,0
"Greek, Modern (Indo-European, Graeco-Phrygian)",3,1
"Greek, Modern (Indo-European, Graeco-Phrygian)",3,2
"Greek, Modern (Indo-European, Graeco-Phrygian)",0,6
"Greek, Modern (Indo-European, Graeco-Phrygian)",1,7
"Greek, Modern (Indo-European, Graeco-Phrygian)",1,8
Hamar (South Omotic),1,3
Hamar (South Omotic),3,4
Hamar (South Omotic),3,5
Hamar (South Omotic),2,0
Hamar (South Omotic),3,1
Hamar (South Omotic),3,2
Hamar (South Omotic),0,6
Hamar (South Omotic),4,7
Hamar (South Omotic),4,8
"Hausa (Afro-Asiatic, Chadic)",5,3
"Hausa (Afro-Asiatic, Chadic)",4,4
"Hausa (Afro-Asiatic, Chadic)",1,5
"Hausa (Afro-Asiatic, Chadic)",5,0
"Hausa (Afro-Asiatic, Chadic)",4,1
"Hausa (Afro-Asiatic, Chadic)",1,2
"Hausa (Afro-Asiatic, Chadic)",3,6
"Hausa (Afro-Asiatic, Chadic)",2,7
"Hausa (Afro-Asiatic, Chadic)",0,8
Hungarian (Uralic),0,3
Hungarian (Uralic),3,4
Hungarian (Uralic),3,5
Hungarian (Uralic),2,0
Hungarian (Uralic),5,1
Hungarian (Uralic),5,2
Hungarian (Uralic),1,6
Hungarian (Uralic),4,7
Hungarian (Uralic),4,8
"Icelandic (Indo-European, Germanic)",1,3
"Icelandic (Indo-European, Germanic)",3,4
"Icelandic (Indo-European, Germanic)",3,5
"Icelandic (Indo-European, Germanic)",1,0
"Icelandic (Indo-European, Germanic)",3,1
"Icelandic (Indo-European, Germanic)",3,2
"Icelandic (Indo-European, Germanic)",0,6
"Icelandic (Indo-European, Germanic)",2,7
"Icelandic (Indo-European, Germanic)",2,8
"Irish (Indo-European, Celtic)",1,3
"Irish (Indo-European, Celtic)",0,4
"Irish (Indo-European, Celtic)",2,5
"Irish (Indo-European, Celtic)",1,0
"Irish (Indo-European, Celtic)",0,1
"Irish (Indo-European, Celtic)",2,2
"Irish (Indo-European, Celtic)",3,6
"Irish (Indo-European, Celtic)",4,7
"Irish (Indo-European, Celtic)",5,8
"Italian (Indo-European, Romance)",3,3
"Italian (Indo-European, Romance)",2,4
"Italian (Indo-European, Romance)",2,5
"Italian (Indo-European, Romance)",3,0
"Italian (Indo-European, Romance)",2,1
"Italian (Indo-European, Romance)",2,2
"Italian (Indo-European, Romance)",1,6
"Italian (Indo-European, Romance)",0,7
"Italian (Indo-European, Romance)",0,8
"Kaba (Central Sudanic, Saraic)",1,3
"Kaba (Central Sudanic, Saraic)",2,4
"Kaba (Central Sudanic, Saraic)",3,5
"Kaba (Central Sudanic, Saraic)",1,0
"Kaba (Central Sudanic, Saraic)",2,1
"Kaba (Central Sudanic, Saraic)",3,2
"Kaba (Central Sudanic, Saraic)",1,6
"Kaba (Central Sudanic, Saraic)",2,7
"Kaba (Central Sudanic, Saraic)",0,8
"Kabiyé (Atlantic-Congo, Gur)",0,3
"Kabiyé (Atlantic-Congo, Gur)",1,4
"Kabiyé (Atlantic-Congo, Gur)",1,5
"Kabiyé (Atlantic-Congo, Gur)",0,0
"Kabiyé (Atlantic-Congo, Gur)",1,1
"Kabiyé (Atlantic-Congo, Gur)",1,2
"Kabiyé (Atlantic-Congo, Gur)",0,6
"Kabiyé (Atlantic-Congo, Gur)",1,7
"Kabiyé (Atlantic-Congo, Gur)",1,8
"Khoekhoe, Nama (Khoe-Kwadi)",2,3
"Khoekhoe, Nama (Khoe-Kwadi)",4,4
"Khoekhoe, Nama (Khoe-Kwadi)",0,5
"Khoekhoe, Nama (Khoe-Kwadi)",2,0
"Khoekhoe, Nama (Khoe-Kwadi)",4,1
"Khoekhoe, Nama (Khoe-Kwadi)",0,2
"Khoekhoe, Nama (Khoe-Kwadi)",3,6
"Khoekhoe, Nama (Khoe-Kwadi)",5,7
"Khoekhoe, Nama (Khoe-Kwadi)",1,8
"Khwarshi (Nakh-Daghestanian, Tsezic)",7,3
"Khwarshi (Nakh-Daghestanian, Tsezic)",1,4
"Khwarshi (Nakh-Daghestanian, Tsezic)",4,5
"Khwarshi (Nakh-Daghestanian, Tsezic)",6,0
"Khwarshi (Nakh-Daghestanian, Tsezic)",0,1
"Khwarshi (Nakh-Daghestanian, Tsezic)",3,2
"Khwarshi (Nakh-Daghestanian, Tsezic)",8,6
"Khwarshi (Nakh-Daghestanian, Tsezic)",2,7
"Khwarshi (Nakh-Daghestanian, Tsezic)",5,8
"Kikuyu (Atlantic-Congo, Bantu)",1,3
"Kikuyu (Atlantic-Congo, Bantu)",0,4
"Kikuyu (Atlantic-Congo, Bantu)",2,5
"Kikuyu (Atlantic-Congo, Bantu)",1,0
"Kikuyu (Atlantic-Congo, Bantu)",0,1
"Kikuyu (Atlantic-Congo, Bantu)",2,2
"Kikuyu (Atlantic-Congo, Bantu)",1,6
"Kikuyu (Atlantic-Congo, Bantu)",0,7
"Kikuyu (Atlantic-Congo, Bantu)",2,8
Koyra Chiini (Songhay),2,3
Koyra Chiini (Songhay),0,4
Koyra Chiini (Songhay),1,5
Koyra Chiini (Songhay),2,0
Koyra Chiini (Songhay),0,1
Koyra Chiini (Songhay),1,2
Koyra Chiini (Songhay),2,6
Koyra Chiini (Songhay),0,7
Koyra Chiini (Songhay),1,8
Koyraboro Senni (Songhay),0,3
Koyraboro Senni (Songhay),2,4
Koyraboro Senni (Songhay),1,5
Koyraboro Senni (Songhay),0,0
Koyraboro Senni (Songhay),2,1
Koyraboro Senni (Songhay),1,2
Koyraboro Senni (Songhay),0,6
Koyraboro Senni (Songhay),2,7
Koyraboro Senni (Songhay),1,8
Lango (Nilotic),4,3
Lango (Nilotic),5,4
Lango (Nilotic),3,5
Lango (Nilotic),4,0
Lango (Nilotic),5,1
Lango (Nilotic),3,2
Lango (Nilotic),1,6
Lango (Nilotic),2,7
Lango (Nilotic),0,8
"Latvian (Indo-European, Baltic)",3,3
"Latvian (Indo-European, Baltic)",4,4
"Latvian (Indo-European, Baltic)",4,5
"Latvian (Indo-European, Baltic)",2,0
"Latvian (Indo-European, Baltic)",4,1
"Latvian (Indo-European, Baltic)",4,2
"Latvian (Indo-European, Baltic)",0,6
"Latvian (Indo-European, Baltic)",1,7
"Latvian (Indo-European, Baltic)",1,8
"Lezgian (Nakh-Daghestanian, Daghestanian)",5,3
"Lezgian (Nakh-Daghestanian, Daghestanian)",2,4
"Lezgian (Nakh-Daghestanian, Daghestanian)",2,5
"Lezgian (Nakh-Daghestanian, Daghestanian)",3,0
"Lezgian (Nakh-Daghestanian, Daghestanian)",0,1
"Lezgian (Nakh-Daghestanian, Daghestanian)",0,2
"Lezgian (Nakh-Daghestanian, Daghestanian)",4,6
"Lezgian (Nakh-Daghestanian, Daghestanian)",1,7
"Lezgian (Nakh-Daghestanian, Daghestanian)",1,8
"Lithuanian (Indo-European, Baltic)",0,3
"Lithuanian (Indo-European, Baltic)",3,4
"Lithuanian (Indo-European, Baltic)",3,5
"Lithuanian (Indo-European, Baltic)",0,0
"Lithuanian (Indo-European, Baltic)",3,1
"Lithuanian (Indo-European, Baltic)",3,2
"Lithuanian (Indo-European, Baltic)",1,6
"Lithuanian (Indo-European, Baltic)",2,7
"Lithuanian (Indo-European, Baltic)",2,8
Loma (Mande),1,3
Loma (Mande),0,4
Loma (Mande),0,5
Loma (Mande),1,0
Loma (Mande),0,1
Loma (Mande),0,2
Loma (Mande),1,6
Loma (Mande),0,7
Loma (Mande),0,8
"Low German (Indo-European, Germanic)",4,3
"Low German (Indo-European, Germanic)",1,4
"Low German (Indo-European, Germanic)",1,5
"Low German (Indo-European, Germanic)",3,0
"Low German (Indo-European, Germanic)",0,1
"Low German (Indo-European, Germanic)",0,2
"Low German (Indo-European, Germanic)",4,6
"Low German (Indo-European, Germanic)",2,7
"Low German (Indo-European, Germanic)",2,8
Luo (Nilotic),1,3
Luo (Nilotic),3,4
Luo (Nilotic),0,5
Luo (Nilotic),1,0
Luo (Nilotic),3,1
Luo (Nilotic),2,2
Luo (Nilotic),1,6
Luo (Nilotic),3,7
Luo (Nilotic),0,8
"Ma’di (Central Sudanic, Moru-Madi)",0,3
"Ma’di (Central Sudanic, Moru-Madi)",2,4
"Ma’di (Central Sudanic, Moru-Madi)",4,5
"Ma’di (Central Sudanic, Moru-Madi)",0,0
"Ma’di (Central Sudanic, Moru-Madi)",2,1
"Ma’di (Central Sudanic, Moru-Madi)",4,2
"Ma’di (Central Sudanic, Moru-Madi)",1,6
"Ma’di (Central Sudanic, Moru-Madi)",3,7
"Ma’di (Central Sudanic, Moru-Madi)",5,8
Maale (Ta-Ne-Omotic),0,3
Maale (Ta-Ne-Omotic),2,4
Maale (Ta-Ne-Omotic),2,5
Maale (Ta-Ne-Omotic),0,0
Maale (Ta-Ne-Omotic),2,1
Maale (Ta-Ne-Omotic),2,2
Maale (Ta-Ne-Omotic),1,6
Maale (Ta-Ne-Omotic),3,7
Maale (Ta-Ne-Omotic),3,8
"Macedonian (Indo-European, Slavic)",6,3
"Macedonian (Indo-European, Slavic)",0,4
"Macedonian (Indo-European, Slavic)",1,5
"Macedonian (Indo-European, Slavic)",6,0
"Macedonian (Indo-European, Slavic)",7,1
"Macedonian (Indo-European, Slavic)",4,2
"Macedonian (Indo-European, Slavic)",3,6
"Macedonian (Indo-European, Slavic)",5,7
"Macedonian (Indo-European, Slavic)",2,8
"Malagasy (Austronesian, Greater Barito)",3,3
"Malagasy (Austronesian, Greater Barito)",2,4
"Malagasy (Austronesian, Greater Barito)",1,5
"Malagasy (Austronesian, Greater Barito)",3,0
"Malagasy (Austronesian, Greater Barito)",2,1
"Malagasy (Austronesian, Greater Barito)",1,2
"Malagasy (Austronesian, Greater Barito)",3,6
"Malagasy (Austronesian, Greater Barito)",2,7
"Malagasy (Austronesian, Greater Barito)",0,8
"Maltese (Afro-Asiatic, Semitic)",0,3
"Maltese (Afro-Asiatic, Semitic)",1,4
"Maltese (Afro-Asiatic, Semitic)",1,5
"Maltese (Afro-Asiatic, Semitic)",0,0
"Maltese (Afro-Asiatic, Semitic)",1,1
"Maltese (Afro-Asiatic, Semitic)",1,2
"Maltese (Afro-Asiatic, Semitic)",2,6
"Maltese (Afro-Asiatic, Semitic)",3,7
"Maltese (Afro-Asiatic, Semitic)",3,8
"Mambay (Atlantic-Congo, Mbumic)",0,3
"Mambay (Atlantic-Congo, Mbumic)",3,4
"Mambay (Atlantic-Congo, Mbumic)",3,5
"Mambay (Atlantic-Congo, Mbumic)",1,0
"Mambay (Atlantic-Congo, Mbumic)",2,1
"Mambay (Atlantic-Congo, Mbumic)",2,2
"Mambay (Atlantic-Congo, Mbumic)",1,6
"Mambay (Atlantic-Congo, Mbumic)",2,7
"Mambay (Atlantic-Congo, Mbumic)",2,8
"Miya (Afro-Asiatic, Chadic)",3,3
"Miya (Afro-Asiatic, Chadic)",2,4
"Miya (Afro-Asiatic, Chadic)",2,5
"Miya (Afro-Asiatic, Chadic)",3,0
"Miya (Afro-Asiatic, Chadic)",2,1
"Miya (Afro-Asiatic, Chadic)",2,2
"Miya (Afro-Asiatic, Chadic)",0,6
"Miya (Afro-Asiatic, Chadic)",1,7
"Miya (Afro-Asiatic, Chadic)",1,8
"Munukutuba (Atlantic-Congo, Bantu)",0,3
"Munukutuba (Atlantic-Congo, Bantu)",1,4
"Munukutuba (Atlantic-Congo, Bantu)",1,5
"Munukutuba (Atlantic-Congo, Bantu)",0,0
"Munukutuba (Atlantic-Congo, Bantu)",1,1
"Munukutuba (Atlantic-Congo, Bantu)",1,2
"Munukutuba (Atlantic-Congo, Bantu)",0,6
"Munukutuba (Atlantic-Congo, Bantu)",1,7
"Munukutuba (Atlantic-Congo, Bantu)",1,8
"Ngizim (Afro-Asiatic, Chadic)",7,3
"Ngizim (Afro-Asiatic, Chadic)",6,4
"Ngizim (Afro-Asiatic, Chadic)",8,5
"Ngizim (Afro-Asiatic, Chadic)",1,0
"Ngizim (Afro-Asiatic, Chadic)",0,1
"Ngizim (Afro-Asiatic, Chadic)",2,2
"Ngizim (Afro-Asiatic, Chadic)",4,6
"Ngizim (Afro-Asiatic, Chadic)",3,7
"Ngizim (Afro-Asiatic, Chadic)",5,8
Nobiin (Nubian),0,3
Nobiin (Nubian),2,4
Nobiin (Nubian),2,5
Nobiin (Nubian),0,0
Nobiin (Nubian),2,1
Nobiin (Nubian),2,2
Nobiin (Nubian),1,6
Nobiin (Nubian),3,7
Nobiin (Nubian),3,8
"Norwegian (Indo-European, Germanic)",5,3
"Norwegian (Indo-European, Germanic)",2,4
"Norwegian (Indo-European, Germanic)",2,5
"Norwegian (Indo-European, Germanic)",3,0
"Norwegian (Indo-European, Germanic)",0,1
"Norwegian (Indo-European, Germanic)",0,2
"Norwegian (Indo-European, Germanic)",4,6
"Norwegian (Indo-European, Germanic)",1,7
"Norwegian (Indo-European, Germanic)",1,8
"Ò̩ko̩ (Atlantic-Congo, Oko-Eni-Osayen)",1,3
"Ò̩ko̩ (Atlantic-Congo, Oko-Eni-Osayen)",0,4
"Ò̩ko̩ (Atlantic-Congo, Oko-Eni-Osayen)",0,5
"Ò̩ko̩ (Atlantic-Congo, Oko-Eni-Osayen)",1,0
"Ò̩ko̩ (Atlantic-Congo, Oko-Eni-Osayen)",0,1
"Ò̩ko̩ (Atlantic-Congo, Oko-Eni-Osayen)",0,2
"Ò̩ko̩ (Atlantic-Congo, Oko-Eni-Osayen)",1,6
"Ò̩ko̩ (Atlantic-Congo, Oko-Eni-Osayen)",0,7
"Ò̩ko̩ (Atlantic-Congo, Oko-Eni-Osayen)",0,8
"Old Church Slavonic (Indo-European, Slavic)",3,3
"Old Church Slavonic (Indo-European, Slavic)",6,4
"Old Church Slavonic (Indo-European, Slavic)",0,5
"Old Church Slavonic (Indo-European, Slavic)",5,0
"Old Church Slavonic (Indo-European, Slavic)",8,1
"Old Church Slavonic (Indo-European, Slavic)",2,2
"Old Church Slavonic (Indo-European, Slavic)",4,6
"Old Church Slavonic (Indo-European, Slavic)",7,7
"Old Church Slavonic (Indo-European, Slavic)",1,8
"Òṇìc̣hà Igbo (Atlantic-Congo, Igboid)",0,3
"Òṇìc̣hà Igbo (Atlantic-Congo, Igboid)",1,4
"Òṇìc̣hà Igbo (Atlantic-Congo, Igboid)",1,5
"Òṇìc̣hà Igbo (Atlantic-Congo, Igboid)",0,0
"Òṇìc̣hà Igbo (Atlantic-Congo, Igboid)",1,1
"Òṇìc̣hà Igbo (Atlantic-Congo, Igboid)",1,2
"Òṇìc̣hà Igbo (Atlantic-Congo, Igboid)",0,6
"Òṇìc̣hà Igbo (Atlantic-Congo, Igboid)",1,7
"Òṇìc̣hà Igbo (Atlantic-Congo, Igboid)",1,8
"Pamue (Atlantic-Congo, Bantu)",1,3
"Pamue (Atlantic-Congo, Bantu)",2,4
"Pamue (Atlantic-Congo, Bantu)",0,5
"Pamue (Atlantic-Congo, Bantu)",1,0
"Pamue (Atlantic-Congo, Bantu)",2,1
"Pamue (Atlantic-Congo, Bantu)",0,2
"Pamue (Atlantic-Congo, Bantu)",1,6
"Pamue (Atlantic-Congo, Bantu)",2,7
"Pamue (Atlantic-Congo, Bantu)",0,8
Penange (Dogon),1,3
Penange (Dogon),0,4
Penange (Dogon),0,5
Penange (Dogon),1,0
Penange (Dogon),0,1
Penange (Dogon),0,2
Penange (Dogon),1,6
Penange (Dogon),0,7
Penange (Dogon),0,8
"Polish (Indo-European, Slavic)",3,3
"Polish (Indo-European, Slavic)",2,4
"Polish (Indo-European, Slavic)",2,5
"Polish (Indo-European, Slavic)",3,0
"Polish (Indo-European, Slavic)",2,1
"Polish (Indo-European, Slavic)",2,2
"Polish (Indo-European, Slavic)",0,6
"Polish (Indo-European, Slavic)",1,7
"Polish (Indo-European, Slavic)",1,8
"Portuguese (Indo-European, Romance)",6,3
"Portuguese (Indo-European, Romance)",0,4
"Portuguese (Indo-European, Romance)",1,5
"Portuguese (Indo-European, Romance)",2,0
"Portuguese (Indo-European, Romance)",0,1
"Portuguese (Indo-European, Romance)",1,2
"Portuguese (Indo-European, Romance)",5,6
"Portuguese (Indo-European, Romance)",3,7
"Portuguese (Indo-European, Romance)",4,8
"Romani, Moldovan (Indo-European, Indo-Iranian)",5,3
"Romani, Moldovan (Indo-European, Indo-Iranian)",2,4
"Romani, Moldovan (Indo-European, Indo-Iranian)",2,5
"Romani, Moldovan (Indo-European, Indo-Iranian)",3,0
"Romani, Moldovan (Indo-European, Indo-Iranian)",0,1
"Romani, Moldovan (Indo-European, Indo-Iranian)",0,2
"Romani, Moldovan (Indo-European, Indo-Iranian)",4,6
"Romani, Moldovan (Indo-European, Indo-Iranian)",1,7
"Romani, Moldovan (Indo-European, Indo-Iranian)",1,8
"Romanian (Indo-European, Romance)",1,3
"Romanian (Indo-European, Romance)",0,4
"Romanian (Indo-European, Romance)",0,5
"Romanian (Indo-European, Romance)",1,0
"Romanian (Indo-European, Romance)",0,1
"Romanian (Indo-European, Romance)",0,2
"Romanian (Indo-European, Romance)",3,6
"Romanian (Indo-European, Romance)",2,7
"Romanian (Indo-European, Romance)",2,8
"Rumantsch (Indo-European, Romance)",3,3
"Rumantsch (Indo-European, Romance)",2,4
"Rumantsch (Indo-European, Romance)",2,5
"Rumantsch (Indo-European, Romance)",3,0
"Rumantsch (Indo-European, Romance)",2,1
"Rumantsch (Indo-European, Romance)",2,2
"Rumantsch (Indo-European, Romance)",1,6
"Rumantsch (Indo-European, Romance)",0,7
"Rumantsch (Indo-European, Romance)",0,8
"Russian (Indo-European, Slavic)",2,3
"Russian (Indo-European, Slavic)",4,4
"Russian (Indo-European, Slavic)",4,5
"Russian (Indo-European, Slavic)",5,0
"Russian (Indo-European, Slavic)",3,1
"Russian (Indo-European, Slavic)",3,2
"Russian (Indo-European, Slavic)",0,6
"Russian (Indo-European, Slavic)",1,7
"Russian (Indo-European, Slavic)",1,8
"Saami, Skolt (Uralic)",3,3
"Saami, Skolt (Uralic)",5,4
"Saami, Skolt (Uralic)",0,5
"Saami, Skolt (Uralic)",2,0
"Saami, Skolt (Uralic)",4,1
"Saami, Skolt (Uralic)",1,2
"Saami, Skolt (Uralic)",2,6
"Saami, Skolt (Uralic)",4,7
"Saami, Skolt (Uralic)",1,8
"Sango (Atlantic-Congo, Ubangi)",0,3
"Sango (Atlantic-Congo, Ubangi)",1,4
"Sango (Atlantic-Congo, Ubangi)",1,5
"Sango (Atlantic-Congo, Ubangi)",0,0
"Sango (Atlantic-Congo, Ubangi)",1,1
"Sango (Atlantic-Congo, Ubangi)",1,2
"Sango (Atlantic-Congo, Ubangi)",0,6
"Sango (Atlantic-Congo, Ubangi)",1,7
"Sango (Atlantic-Congo, Ubangi)",1,8
"Scots-Gaelic (Indo-European, Celtic)",3,3
"Scots-Gaelic (Indo-European, Celtic)",4,4
"Scots-Gaelic (Indo-European, Celtic)",5,5
"Scots-Gaelic (Indo-European, Celtic)",3,0
"Scots-Gaelic (Indo-European, Celtic)",4,1
"Scots-Gaelic (Indo-European, Celtic)",5,2
"Scots-Gaelic (Indo-European, Celtic)",1,6
"Scots-Gaelic (Indo-European, Celtic)",2,7
"Scots-Gaelic (Indo-European, Celtic)",0,8
"Serbian (Indo-European, Slavic)",2,3
"Serbian (Indo-European, Slavic)",3,4
"Serbian (Indo-European, Slavic)",3,5
"Serbian (Indo-European, Slavic)",4,0
"Serbian (Indo-European, Slavic)",3,1
"Serbian (Indo-European, Slavic)",3,2
"Serbian (Indo-European, Slavic)",1,6
"Serbian (Indo-European, Slavic)",0,7
"Serbian (Indo-European, Slavic)",0,8
"Slavomolisano (Indo-European, Slavic)",3,3
"Slavomolisano (Indo-European, Slavic)",0,4
"Slavomolisano (Indo-European, Slavic)",0,5
"Slavomolisano (Indo-European, Slavic)",1,0
"Slavomolisano (Indo-European, Slavic)",2,1
"Slavomolisano (Indo-European, Slavic)",2,2
"Slavomolisano (Indo-European, Slavic)",5,6
"Slavomolisano (Indo-European, Slavic)",4,7
"Slavomolisano (Indo-European, Slavic)",4,8
"Slovak (Indo-European, Slavic)",2,3
"Slovak (Indo-European, Slavic)",3,4
"Slovak (Indo-European, Slavic)",3,5
"Slovak (Indo-European, Slavic)",5,0
"Slovak (Indo-European, Slavic)",4,1
"Slovak (Indo-European, Slavic)",4,2
"Slovak (Indo-European, Slavic)",0,6
"Slovak (Indo-European, Slavic)",1,7
"Slovak (Indo-European, Slavic)",1,8
"Slovenian (Indo-European, Slavic)",4,3
"Slovenian (Indo-European, Slavic)",3,4
"Slovenian (Indo-European, Slavic)",3,5
"Slovenian (Indo-European, Slavic)",4,0
"Slovenian (Indo-European, Slavic)",2,1
"Slovenian (Indo-European, Slavic)",2,2
"Slovenian (Indo-European, Slavic)",0,6
"Slovenian (Indo-European, Slavic)",1,7
"Slovenian (Indo-European, Slavic)",1,8
"Somali (Afro-Asiatic, Cushitic)",2,3
"Somali (Afro-Asiatic, Cushitic)",0,4
"Somali (Afro-Asiatic, Cushitic)",0,5
"Somali (Afro-Asiatic, Cushitic)",2,0
"Somali (Afro-Asiatic, Cushitic)",0,1
"Somali (Afro-Asiatic, Cushitic)",0,2
"Somali (Afro-Asiatic, Cushitic)",3,6
"Somali (Afro-Asiatic, Cushitic)",1,7
"Somali (Afro-Asiatic, Cushitic)",1,8
"Sorbian, Lower (Indo-European, Slavic)",1,3
"Sorbian, Lower (Indo-European, Slavic)",0,4
"Sorbian, Lower (Indo-European, Slavic)",0,5
"Sorbian, Lower (Indo-European, Slavic)",3,0
"Sorbian, Lower (Indo-European, Slavic)",2,1
"Sorbian, Lower (Indo-European, Slavic)",2,2
"Sorbian, Lower (Indo-European, Slavic)",4,6
"Sorbian, Lower (Indo-European, Slavic)",5,7
"Sorbian, Lower (Indo-European, Slavic)",5,8
"Sorbian,Upper (Indo-European, Slavic)",1,3
"Sorbian,Upper (Indo-European, Slavic)",0,4
"Sorbian,Upper (Indo-European, Slavic)",0,5
"Sorbian,Upper (Indo-European, Slavic)",3,0
"Sorbian,Upper (Indo-European, Slavic)",2,1
"Sorbian,Upper (Indo-European, Slavic)",2,2
"Sorbian,Upper (Indo-European, Slavic)",4,6
"Sorbian,Upper (Indo-European, Slavic)",5,7
"Sorbian,Upper (Indo-European, Slavic)",5,8
"Spanish (Indo-European, Romance)",0,3
"Spanish (Indo-European, Romance)",7,4
"Spanish (Indo-European, Romance)",2,5
"Spanish (Indo-European, Romance)",3,0
"Spanish (Indo-European, Romance)",1,1
"Spanish (Indo-European, Romance)",2,2
"Spanish (Indo-European, Romance)",6,6
"Spanish (Indo-European, Romance)",4,7
"Spanish (Indo-European, Romance)",5,8
"Supyire Senoufo (Atlantic-Congo, Gur)",1,3
"Supyire Senoufo (Atlantic-Congo, Gur)",0,4
"Supyire Senoufo (Atlantic-Congo, Gur)",0,5
"Supyire Senoufo (Atlantic-Congo, Gur)",1,0
"Supyire Senoufo (Atlantic-Congo, Gur)",0,1
"Supyire Senoufo (Atlantic-Congo, Gur)",0,2
"Supyire Senoufo (Atlantic-Congo, Gur)",1,6
"Supyire Senoufo (Atlantic-Congo, Gur)",0,7
"Supyire Senoufo (Atlantic-Congo, Gur)",0,8
Susu (Mande),0,3
Susu (Mande),1,4
Susu (Mande),1,5
Susu (Mande),0,0
Susu (Mande),1,1
Susu (Mande),1,2
Susu (Mande),0,6
Susu (Mande),1,7
Susu (Mande),1,8
"Swahili (Atlantic-Congo, Bantu)",0,3
"Swahili (Atlantic-Congo, Bantu)",1,4
"Swahili (Atlantic-Congo, Bantu)",2,5
"Swahili (Atlantic-Congo, Bantu)",0,0
"Swahili (Atlantic-Congo, Bantu)",1,1
"Swahili (Atlantic-Congo, Bantu)",2,2
"Swahili (Atlantic-Congo, Bantu)",0,6
"Swahili (Atlantic-Congo, Bantu)",1,7
"Swahili (Atlantic-Congo, Bantu)",2,8
"Swedish (Indo-European, Germanic)",5,3
"Swedish (Indo-European, Germanic)",2,4
"Swedish (Indo-European, Germanic)",2,5
"Swedish (Indo-European, Germanic)",3,0
"Swedish (Indo-European, Germanic)",0,1
"Swedish (Indo-European, Germanic)",0,2
"Swedish (Indo-European, Germanic)",4,6
"Swedish (Indo-European, Germanic)",1,7
"Swedish (Indo-European, Germanic)",1,8
"Tamasheq, Tadraq (Afro-Asiatic, Berber)",3,3
"Tamasheq, Tadraq (Afro-Asiatic, Berber)",4,4
"Tamasheq, Tadraq (Afro-Asiatic, Berber)",5,5
"Tamasheq, Tadraq (Afro-Asiatic, Berber)",3,0
"Tamasheq, Tadraq (Afro-Asiatic, Berber)",4,1
"Tamasheq, Tadraq (Afro-Asiatic, Berber)",5,2
"Tamasheq, Tadraq (Afro-Asiatic, Berber)",0,6
"Tamasheq, Tadraq (Afro-Asiatic, Berber)",2,7
"Tamasheq, Tadraq (Afro-Asiatic, Berber)",1,8
"Tigrinya (Afro-Asiatic, Semitic)",3,3
"Tigrinya (Afro-Asiatic, Semitic)",2,4
"Tigrinya (Afro-Asiatic, Semitic)",2,5
"Tigrinya (Afro-Asiatic, Semitic)",5,0
"Tigrinya (Afro-Asiatic, Semitic)",4,1
"Tigrinya (Afro-Asiatic, Semitic)",4,2
"Tigrinya (Afro-Asiatic, Semitic)",1,6
"Tigrinya (Afro-Asiatic, Semitic)",0,7
"Tigrinya (Afro-Asiatic, Semitic)",0,8
"Tswana (Atlantic-Congo, Bantu)",0,3
"Tswana (Atlantic-Congo, Bantu)",2,4
"Tswana (Atlantic-Congo, Bantu)",1,5
"Tswana (Atlantic-Congo, Bantu)",0,0
"Tswana (Atlantic-Congo, Bantu)",2,1
"Tswana (Atlantic-Congo, Bantu)",1,2
"Tswana (Atlantic-Congo, Bantu)",0,6
"Tswana (Atlantic-Congo, Bantu)",2,7
"Tswana (Atlantic-Congo, Bantu)",1,8
Turkish (Turkic),2,3
Turkish (Turkic),8,4
Turkish (Turkic),5,5
Turkish (Turkic),0,0
Turkish (Turkic),6,1
Turkish (Turkic),3,2
Turkish (Turkic),1,6
Turkish (Turkic),7,7
Turkish (Turkic),4,8
"Ukrainian (Indo-European, Slavic)",0,3
"Ukrainian (Indo-European, Slavic)",2,4
"Ukrainian (Indo-European, Slavic)",2,5
"Ukrainian (Indo-European, Slavic)",3,0
"Ukrainian (Indo-European, Slavic)",1,1
"Ukrainian (Indo-European, Slavic)",1,2
"Ukrainian (Indo-European, Slavic)",4,6
"Ukrainian (Indo-European, Slavic)",5,7
"Ukrainian (Indo-European, Slavic)",5,8
"Welsh (Indo-European, Celtic)",2,3
"Welsh (Indo-European, Celtic)",3,4
"Welsh (Indo-European, Celtic)",3,5
"Welsh (Indo-European, Celtic)",2,0
"Welsh (Indo-European, Celtic)",3,1
"Welsh (Indo-European, Celtic)",3,2
"Welsh (Indo-European, Celtic)",0,6
"Welsh (Indo-European, Celtic)",1,7
"Welsh (Indo-European, Celtic)",1,8
Wolaytta (Ta-Ne-Omotic),0,3
Wolaytta (Ta-Ne-Omotic),5,4
Wolaytta (Ta-Ne-Omotic),5,5
Wolaytta (Ta-Ne-Omotic),1,0
Wolaytta (Ta-Ne-Omotic),3,1
Wolaytta (Ta-Ne-Omotic),3,2
Wolaytta (Ta-Ne-Omotic),2,6
Wolaytta (Ta-Ne-Omotic),4,7
Wolaytta (Ta-Ne-Omotic),4,8
"Yoruba (Atlantic-Congo, Defoid)",7,3
"Yoruba (Atlantic-Congo, Defoid)",6,4
"Yoruba (Atlantic-Congo, Defoid)",4,5
"Yoruba (Atlantic-Congo, Defoid)",1,0
"Yoruba (Atlantic-Congo, Defoid)",0,1
"Yoruba (Atlantic-Congo, Defoid)",5,2
"Yoruba (Atlantic-Congo, Defoid)",3,6
"Yoruba (Atlantic-Congo, Defoid)",2,7
"Yoruba (Atlantic-Congo, Defoid)",5,8
"Zay (Afro-Asiatic, Semitic)",5,3
"Zay (Afro-Asiatic, Semitic)",4,4
"Zay (Afro-Asiatic, Semitic)",4,5
"Zay (Afro-Asiatic, Semitic)",1,0
"Zay (Afro-Asiatic, Semitic)",0,1
"Zay (Afro-Asiatic, Semitic)",0,2
"Zay (Afro-Asiatic, Semitic)",3,6
"Zay (Afro-Asiatic, Semitic)",2,7
"Zay (Afro-Asiatic, Semitic)",2,8
Zialo (Mande),2,3
Zialo (Mande),1,4
Zialo (Mande),0,5
Zialo (Mande),2,0
Zialo (Mande),1,1
Zialo (Mande),0,2
Zialo (Mande),2,6
Zialo (Mande),1,7
Zialo (Mande),0,8
